Time,Time Elaps,Type,Packet Number,Size
227140938,2,PacketSent,1,1350,13,NOT_RETRANSMISSION,"[['STREAM', 'send', 1, 'length: 1024', 'offset: 0']]"
227140949,13,PacketReceived,1,270,10.0.228.164:443,172.19.19.121:40635,0,0,0,"[['STREAM', 'receive', 1, 'length: 245', 'offset: 0']]"
227140950,14,PacketSent,2,1350,30,NOT_RETRANSMISSION,"[['STREAM', 'send', 1, 'length: 1024', 'offset: 1024']]"
227140951,15,PacketReceived,2,29,10.0.228.164:443,172.19.19.121:40635,0,0,0,"[['ACK', 'receive', 'N/A', 'largest_observed: 1', 'missing_packets: []', 'delta_time_largest_observed_us: 1331', 'received_packet_times: []']]"
227140971,35,PacketSent,3,1350,39,HANDSHAKE_RETRANSMISSION,"[['ACK', 'send', 'N/A', 'largest_observed: 2', 'missing_packets: []', 'delta_time_largest_observed_us: 19507', 'received_packet_times: []'], ['STREAM', 'send', 1, 'length: 1024', 'offset: 1024']]"
227140980,44,PacketReceived,3,29,10.0.228.164:443,172.19.19.121:40635,0,0,0,"[['ACK', 'receive', 'N/A', 'largest_observed: 2', 'missing_packets: []', 'delta_time_largest_observed_us: 92', 'received_packet_times: []']]"
227140986,50,PacketReceived,4,1200,10.0.228.164:443,172.19.19.121:40635,0,0,0,"[['STREAM', 'receive', 1, 'length: 1173', 'offset: 245']]"
227140987,51,PacketReceived,5,1200,10.0.228.164:443,172.19.19.121:40635,0,0,0,"[['STREAM', 'receive', 1, 'length: 1173', 'offset: 1418']]"
227140988,52,PacketSent,4,28,22,NOT_RETRANSMISSION,"[['ACK', 'send', 'N/A', 'largest_observed: 5', 'missing_packets: []', 'delta_time_largest_observed_us: 283', 'received_packet_times: []']]"
227140988,52,PacketReceived,6,72,10.0.228.164:443,172.19.19.121:40635,0,0,0,"[['STREAM', 'receive', 1, 'length: 45', 'offset: 2591']]"
227141001,65,PacketReceived,7,75,10.0.228.164:443,172.19.19.121:40635,0,0,0,"[['STREAM', 'receive', 1, 'length: 45', 'offset: 2591']]"
227141001,65,PacketSent,5,28,9,NOT_RETRANSMISSION,"[['ACK', 'send', 'N/A', 'largest_observed: 7', 'missing_packets: []', 'delta_time_largest_observed_us: 310', 'received_packet_times: []']]"
227141010,74,PacketReceived,8,32,10.0.228.164:443,172.19.19.121:40635,0,0,0,"[['ACK', 'receive', 'N/A', 'largest_observed: 5', 'missing_packets: []', 'delta_time_largest_observed_us: 3188', 'received_packet_times: []']]"
227141070,134,PacketSent,6,1350,32,NOT_RETRANSMISSION,"[['STREAM', 'send', 1, 'length: 1024', 'offset: 2048']]"
227141073,137,PacketSent,7,156,29,NOT_RETRANSMISSION,"[['STREAM', 'send', 3, 'length: 132', 'offset: 0', [227141072, 1245, 'QUIC_CHROMIUM_CLIENT_STREAM_SEND_REQUEST_HEADERS', 11, 'QUIC_SESSION', '{""params"": {""headers"": ["":method: GET"", "":authority: info.snomile.ink"", "":scheme: https"", "":path: /server.log"", ""user-agent: com.startimes.cronet_localsample/1 (Linux; U; Android 6.0.1; zh_CN; SM-N9100; Build/MMB29M; Cronet/80.0.3956.0)"", ""accept-encoding: gzip, deflate""], ""quic_priority"": 1, ""quic_stream_id"": 5}, ""phase"": 0}']]]"
227141078,142,PacketReceived,9,215,10.0.228.164:443,172.19.19.121:40635,0,0,0,"[['STREAM', 'receive', 1, 'length: 156', 'offset: 2636']]"
227141079,143,PacketSent,8,28,23,NOT_RETRANSMISSION,"[['ACK', 'send', 'N/A', 'largest_observed: 9', 'missing_packets: []', 'delta_time_largest_observed_us: 980', 'received_packet_times: []']]"
227141102,166,PacketReceived,10,27,10.0.228.164:443,172.19.19.121:40635,0,0,0,"[['ACK', 'receive', 'N/A', 'largest_observed: 8', 'missing_packets: [7]', 'delta_time_largest_observed_us: 19200', 'received_packet_times: []']]"
227141103,167,PacketSent,9,156,11,LOSS_RETRANSMISSION,"[['STREAM', 'send', 3, 'length: 132', 'offset: 0']]"
227141108,172,PacketReceived,11,202,10.0.228.164:443,172.19.19.121:40635,0,0,0,"[['STREAM', 'receive', 3, 'length: 185', 'offset: 0']]"
227141114,178,PacketReceived,12,1252,10.0.228.164:443,172.19.19.121:40635,0,0,0,"[['ACK', 'receive', 'N/A', 'largest_observed: 9', 'missing_packets: []', 'delta_time_largest_observed_us: 924', 'received_packet_times: []'], ['STREAM', 'receive', 5, 'length: 1226', 'offset: 0']]"
227141115,179,PacketSent,10,28,156,NOT_RETRANSMISSION,"[['ACK', 'send', 'N/A', 'largest_observed: 12', 'missing_packets: []', 'delta_time_largest_observed_us: 554', 'received_packet_times: []']]"
227141115,179,PacketReceived,13,1252,10.0.228.164:443,172.19.19.121:40635,0,0,0,"[['STREAM', 'receive', 5, 'length: 1233', 'offset: 1226']]"
227141115,179,PacketReceived,14,1252,10.0.228.164:443,172.19.19.121:40635,0,0,0,"[['STREAM', 'receive', 5, 'length: 1233', 'offset: 2459']]"
227141116,180,PacketSent,11,28,155,NOT_RETRANSMISSION,"[['ACK', 'send', 'N/A', 'largest_observed: 14', 'missing_packets: []', 'delta_time_largest_observed_us: 404', 'received_packet_times: []']]"
227141116,180,PacketReceived,15,1252,10.0.228.164:443,172.19.19.121:40635,0,0,0,"[['STREAM', 'receive', 5, 'length: 1233', 'offset: 3692']]"
227141117,181,PacketReceived,16,1252,10.0.228.164:443,172.19.19.121:40635,0,0,0,"[['STREAM', 'receive', 5, 'length: 1233', 'offset: 4925']]"
227141119,183,PacketSent,12,28,152,NOT_RETRANSMISSION,"[['ACK', 'send', 'N/A', 'largest_observed: 16', 'missing_packets: []', 'delta_time_largest_observed_us: 294', 'received_packet_times: []']]"
227141119,183,PacketReceived,17,1252,10.0.228.164:443,172.19.19.121:40635,0,0,0,"[['STREAM', 'receive', 5, 'length: 1233', 'offset: 6158']]"
227141119,183,PacketReceived,18,1252,10.0.228.164:443,172.19.19.121:40635,0,0,0,"[['STREAM', 'receive', 5, 'length: 1233', 'offset: 7391']]"
227141120,184,PacketSent,13,28,151,NOT_RETRANSMISSION,"[['ACK', 'send', 'N/A', 'largest_observed: 18', 'missing_packets: []', 'delta_time_largest_observed_us: 504', 'received_packet_times: []']]"
227141123,187,PacketReceived,19,1252,10.0.228.164:443,172.19.19.121:40635,0,0,0,"[['STREAM', 'receive', 5, 'length: 1233', 'offset: 8624']]"
227141124,188,PacketReceived,20,1252,10.0.228.164:443,172.19.19.121:40635,0,0,0,"[['STREAM', 'receive', 5, 'length: 1233', 'offset: 9857']]"
227141126,190,PacketSent,14,28,145,NOT_RETRANSMISSION,"[['ACK', 'send', 'N/A', 'largest_observed: 20', 'missing_packets: []', 'delta_time_largest_observed_us: 1622', 'received_packet_times: []']]"
227141129,193,PacketReceived,21,1252,10.0.228.164:443,172.19.19.121:40635,0,0,0,"[['STREAM', 'receive', 5, 'length: 1233', 'offset: 11090']]"
227141130,194,PacketReceived,22,1252,10.0.228.164:443,172.19.19.121:40635,0,0,0,"[['STREAM', 'receive', 5, 'length: 1233', 'offset: 12323']]"
227141131,195,PacketSent,15,28,140,NOT_RETRANSMISSION,"[['ACK', 'send', 'N/A', 'largest_observed: 22', 'missing_packets: []', 'delta_time_largest_observed_us: 374', 'received_packet_times: []']]"
227141131,195,PacketReceived,23,1252,10.0.228.164:443,172.19.19.121:40635,0,0,0,"[['STREAM', 'receive', 5, 'length: 1233', 'offset: 13556']]"
227141131,195,PacketReceived,24,1252,10.0.228.164:443,172.19.19.121:40635,0,0,0,"[['STREAM', 'receive', 5, 'length: 1233', 'offset: 14789']]"
227141132,196,PacketSent,16,28,139,NOT_RETRANSMISSION,"[['ACK', 'send', 'N/A', 'largest_observed: 24', 'missing_packets: []', 'delta_time_largest_observed_us: 322', 'received_packet_times: []']]"
227141133,197,PacketReceived,25,1252,10.0.228.164:443,172.19.19.121:40635,0,0,0,"[['STREAM', 'receive', 5, 'length: 1233', 'offset: 16022']]"
227141135,199,PacketReceived,26,1252,10.0.228.164:443,172.19.19.121:40635,0,0,0,"[['STREAM', 'receive', 5, 'length: 1233', 'offset: 17255']]"
227141135,199,PacketSent,17,28,136,NOT_RETRANSMISSION,"[['ACK', 'send', 'N/A', 'largest_observed: 26', 'missing_packets: []', 'delta_time_largest_observed_us: 259', 'received_packet_times: []']]"
227141136,200,PacketReceived,27,1252,10.0.228.164:443,172.19.19.121:40635,0,0,0,"[['STREAM', 'receive', 5, 'length: 1233', 'offset: 18488']]"
227141136,200,PacketReceived,28,1252,10.0.228.164:443,172.19.19.121:40635,0,0,0,"[['STREAM', 'receive', 5, 'length: 1233', 'offset: 19721']]"
227141138,202,PacketSent,18,28,133,NOT_RETRANSMISSION,"[['ACK', 'send', 'N/A', 'largest_observed: 28', 'missing_packets: []', 'delta_time_largest_observed_us: 1420', 'received_packet_times: []']]"
227141139,203,PacketReceived,29,1252,10.0.228.164:443,172.19.19.121:40635,0,0,0,"[['STREAM', 'receive', 5, 'length: 1233', 'offset: 20954']]"
227141158,222,PacketReceived,30,1252,10.0.228.164:443,172.19.19.121:40635,0,0,0,"[['STREAM', 'receive', 5, 'length: 1233', 'offset: 22187']]"
227141158,222,PacketSent,19,28,113,NOT_RETRANSMISSION,"[['ACK', 'send', 'N/A', 'largest_observed: 30', 'missing_packets: []', 'delta_time_largest_observed_us: 344', 'received_packet_times: []']]"
227141159,223,PacketReceived,31,1252,10.0.228.164:443,172.19.19.121:40635,0,0,0,"[['STREAM', 'receive', 5, 'length: 1233', 'offset: 23420']]"
227141162,226,PacketReceived,32,1252,10.0.228.164:443,172.19.19.121:40635,0,0,0,"[['STREAM', 'receive', 5, 'length: 1233', 'offset: 24653']]"
227141162,226,PacketSent,20,28,109,NOT_RETRANSMISSION,"[['ACK', 'send', 'N/A', 'largest_observed: 32', 'missing_packets: []', 'delta_time_largest_observed_us: 348', 'received_packet_times: []']]"
227141163,227,PacketReceived,33,1252,10.0.228.164:443,172.19.19.121:40635,0,0,0,"[['STREAM', 'receive', 5, 'length: 1233', 'offset: 25886']]"
227141164,228,PacketReceived,34,1252,10.0.228.164:443,172.19.19.121:40635,0,0,0,"[['STREAM', 'receive', 5, 'length: 1233', 'offset: 27119']]"
227141164,228,PacketSent,21,28,107,NOT_RETRANSMISSION,"[['ACK', 'send', 'N/A', 'largest_observed: 34', 'missing_packets: []', 'delta_time_largest_observed_us: 297', 'received_packet_times: []']]"
227141165,229,PacketReceived,35,1252,10.0.228.164:443,172.19.19.121:40635,0,0,0,"[['STREAM', 'receive', 5, 'length: 1233', 'offset: 28352']]"
227141167,231,PacketReceived,36,1252,10.0.228.164:443,172.19.19.121:40635,0,0,0,"[['STREAM', 'receive', 5, 'length: 1233', 'offset: 29585']]"
227141168,232,PacketSent,22,28,103,NOT_RETRANSMISSION,"[['ACK', 'send', 'N/A', 'largest_observed: 36', 'missing_packets: []', 'delta_time_largest_observed_us: 335', 'received_packet_times: []']]"
227141168,232,PacketReceived,37,1252,10.0.228.164:443,172.19.19.121:40635,0,0,0,"[['STREAM', 'receive', 5, 'length: 1233', 'offset: 30818']]"
227141194,258,PacketSent,23,28,77,NOT_RETRANSMISSION,"[['ACK', 'send', 'N/A', 'largest_observed: 37', 'missing_packets: []', 'delta_time_largest_observed_us: 26077', 'received_packet_times: []']]"
227141198,262,PacketReceived,38,736,10.0.228.164:443,172.19.19.121:40635,0,0,0,"[['STREAM', 'receive', 5, 'length: 717', 'offset: 32051']]"
227141199,263,PacketReceived,39,1252,10.0.228.164:443,172.19.19.121:40635,0,0,0,"[['STREAM', 'receive', 5, 'length: 1233', 'offset: 32768']]"
227141201,265,PacketSent,24,28,70,NOT_RETRANSMISSION,"[['ACK', 'send', 'N/A', 'largest_observed: 39', 'missing_packets: []', 'delta_time_largest_observed_us: 1628', 'received_packet_times: []']]"
227141203,267,PacketReceived,40,1252,10.0.228.164:443,172.19.19.121:40635,0,0,0,"[['STREAM', 'receive', 5, 'length: 1233', 'offset: 34001']]"
227141203,267,PacketReceived,41,1252,10.0.228.164:443,172.19.19.121:40635,0,0,0,"[['STREAM', 'receive', 5, 'length: 1233', 'offset: 35234']]"
227141205,269,PacketSent,25,28,66,NOT_RETRANSMISSION,"[['ACK', 'send', 'N/A', 'largest_observed: 41', 'missing_packets: []', 'delta_time_largest_observed_us: 1555', 'received_packet_times: []']]"
227141206,270,PacketReceived,42,1252,10.0.228.164:443,172.19.19.121:40635,0,0,0,"[['STREAM', 'receive', 5, 'length: 1233', 'offset: 36467']]"
227141207,271,PacketReceived,43,945,10.0.228.164:443,172.19.19.121:40635,0,0,0,"[['STREAM', 'receive', 5, 'length: 926', 'offset: 37700']]"
227141207,271,PacketSent,26,28,64,NOT_RETRANSMISSION,"[['ACK', 'send', 'N/A', 'largest_observed: 43', 'missing_packets: []', 'delta_time_largest_observed_us: 326', 'received_packet_times: []']]"
227141207,271,PacketReceived,44,19,10.0.228.164:443,172.19.19.121:40635,0,0,0,"[['STREAM', 'receive', 5, 'length: 0', 'offset: 38626']]"
227141208,272,PacketReceived,45,205,10.0.228.164:443,172.19.19.121:40635,0,0,0,"[['STREAM', 'receive', 3, 'length: 185', 'offset: 0']]"
227141208,272,PacketSent,27,28,63,NOT_RETRANSMISSION,"[['ACK', 'send', 'N/A', 'largest_observed: 45', 'missing_packets: []', 'delta_time_largest_observed_us: 279', 'received_packet_times: []']]"
227141210,274,PacketReceived,46,1246,10.0.228.164:443,172.19.19.121:40635,0,0,0,"[['STREAM', 'receive', 5, 'length: 1226', 'offset: 0']]"
227141210,274,PacketReceived,47,1252,10.0.228.164:443,172.19.19.121:40635,0,0,0,"[['STREAM', 'receive', 5, 'length: 1230', 'offset: 1226']]"
227141214,278,PacketSent,28,28,57,NOT_RETRANSMISSION,"[['ACK', 'send', 'N/A', 'largest_observed: 47', 'missing_packets: []', 'delta_time_largest_observed_us: 2806', 'received_packet_times: []']]"
227141215,279,PacketReceived,48,25,10.0.228.164:443,172.19.19.121:40635,0,0,0,"[['STREAM', 'receive', 5, 'length: 3', 'offset: 2456']]"
227141243,307,PacketSent,29,41,28,NOT_RETRANSMISSION,"[['ACK', 'send', 'N/A', 'largest_observed: 48', 'missing_packets: []', 'delta_time_largest_observed_us: 25874', 'received_packet_times: []'], ['WINDOW_UPDATE', 'send', 0, 'byte_offset: 15728640']]"
227141271,335,PacketReceived,49,24,10.0.228.164:443,172.19.19.121:40635,0,0,0,"[['ACK', 'receive', 'N/A', 'largest_observed: 29', 'missing_packets: []', 'delta_time_largest_observed_us: 25296', 'received_packet_times: []']]"
227142677,1741,PacketSent,30,60,57,NOT_RETRANSMISSION,"[['STREAM', 'send', 3, 'length: 34', 'offset: 132', [227142677, 2850, 'QUIC_CHROMIUM_CLIENT_STREAM_SEND_REQUEST_HEADERS', 11, 'QUIC_SESSION', '{""params"": {""headers"": ["":method: GET"", "":authority: info.snomile.ink"", "":scheme: https"", "":path: /server.log"", ""user-agent: com.startimes.cronet_localsample/1 (Linux; U; Android 6.0.1; zh_CN; SM-N9100; Build/MMB29M; Cronet/80.0.3956.0)"", ""accept-encoding: gzip, deflate""], ""quic_priority"": 1, ""quic_stream_id"": 7}, ""phase"": 0}']]]"
227142686,1750,PacketReceived,50,204,10.0.228.164:443,172.19.19.121:40635,0,0,0,"[['STREAM', 'receive', 3, 'length: 185', 'offset: 185']]"
227142688,1752,PacketReceived,51,1252,10.0.228.164:443,172.19.19.121:40635,0,0,0,"[['STREAM', 'receive', 7, 'length: 1235', 'offset: 0']]"
227142691,1755,PacketSent,31,28,1872,NOT_RETRANSMISSION,"[['ACK', 'send', 'N/A', 'largest_observed: 51', 'missing_packets: []', 'delta_time_largest_observed_us: 237', 'received_packet_times: []']]"
227142691,1755,PacketReceived,52,1252,10.0.228.164:443,172.19.19.121:40635,0,0,0,"[['STREAM', 'receive', 7, 'length: 1233', 'offset: 1235']]"
227142692,1756,PacketReceived,53,1252,10.0.228.164:443,172.19.19.121:40635,0,0,0,"[['STREAM', 'receive', 7, 'length: 1233', 'offset: 2468']]"
227142692,1756,PacketSent,32,28,1871,NOT_RETRANSMISSION,"[['ACK', 'send', 'N/A', 'largest_observed: 53', 'missing_packets: []', 'delta_time_largest_observed_us: 413', 'received_packet_times: []']]"
227142693,1757,PacketReceived,54,1252,10.0.228.164:443,172.19.19.121:40635,0,0,0,"[['STREAM', 'receive', 7, 'length: 1233', 'offset: 3701']]"
227142694,1758,PacketReceived,55,1252,10.0.228.164:443,172.19.19.121:40635,0,0,0,"[['STREAM', 'receive', 7, 'length: 1233', 'offset: 4934']]"
227142695,1759,PacketSent,33,28,1868,NOT_RETRANSMISSION,"[['ACK', 'send', 'N/A', 'largest_observed: 55', 'missing_packets: []', 'delta_time_largest_observed_us: 205', 'received_packet_times: []']]"
227142696,1760,PacketReceived,56,1252,10.0.228.164:443,172.19.19.121:40635,0,0,0,"[['STREAM', 'receive', 7, 'length: 1233', 'offset: 6167']]"
227142697,1761,PacketReceived,57,1252,10.0.228.164:443,172.19.19.121:40635,0,0,0,"[['STREAM', 'receive', 7, 'length: 1233', 'offset: 7400']]"
227142697,1761,PacketSent,34,28,1866,NOT_RETRANSMISSION,"[['ACK', 'send', 'N/A', 'largest_observed: 57', 'missing_packets: []', 'delta_time_largest_observed_us: 192', 'received_packet_times: []']]"
227142699,1763,PacketReceived,58,1252,10.0.228.164:443,172.19.19.121:40635,0,0,0,"[['STREAM', 'receive', 7, 'length: 1233', 'offset: 8633']]"
227142708,1772,PacketReceived,59,1252,10.0.228.164:443,172.19.19.121:40635,0,0,0,"[['STREAM', 'receive', 7, 'length: 1233', 'offset: 9866']]"
227142709,1773,PacketSent,35,28,1854,NOT_RETRANSMISSION,"[['ACK', 'send', 'N/A', 'largest_observed: 59', 'missing_packets: []', 'delta_time_largest_observed_us: 1571', 'received_packet_times: []']]"
227142710,1774,PacketReceived,60,1252,10.0.228.164:443,172.19.19.121:40635,0,0,0,"[['STREAM', 'receive', 7, 'length: 1233', 'offset: 11099']]"
227142710,1774,PacketReceived,61,1252,10.0.228.164:443,172.19.19.121:40635,0,0,0,"[['STREAM', 'receive', 7, 'length: 1233', 'offset: 12332']]"
227142711,1775,PacketSent,36,28,1852,NOT_RETRANSMISSION,"[['ACK', 'send', 'N/A', 'largest_observed: 61', 'missing_packets: []', 'delta_time_largest_observed_us: 862', 'received_packet_times: []']]"
227142711,1775,PacketReceived,62,1252,10.0.228.164:443,172.19.19.121:40635,0,0,0,"[['STREAM', 'receive', 7, 'length: 1233', 'offset: 13565']]"
227142711,1775,PacketReceived,63,1252,10.0.228.164:443,172.19.19.121:40635,0,0,0,"[['STREAM', 'receive', 7, 'length: 1233', 'offset: 14798']]"
227142712,1776,PacketSent,37,28,1851,NOT_RETRANSMISSION,"[['ACK', 'send', 'N/A', 'largest_observed: 63', 'missing_packets: []', 'delta_time_largest_observed_us: 158', 'received_packet_times: []']]"
227142714,1778,PacketReceived,64,1252,10.0.228.164:443,172.19.19.121:40635,0,0,0,"[['STREAM', 'receive', 7, 'length: 1233', 'offset: 16031']]"
227142714,1778,PacketReceived,65,1252,10.0.228.164:443,172.19.19.121:40635,0,0,0,"[['STREAM', 'receive', 7, 'length: 1233', 'offset: 17264']]"
227142715,1779,PacketSent,38,28,1848,NOT_RETRANSMISSION,"[['ACK', 'send', 'N/A', 'largest_observed: 65', 'missing_packets: []', 'delta_time_largest_observed_us: 182', 'received_packet_times: []']]"
227142715,1779,PacketReceived,66,1252,10.0.228.164:443,172.19.19.121:40635,0,0,0,"[['STREAM', 'receive', 7, 'length: 1233', 'offset: 18497']]"
227142719,1783,PacketReceived,67,1252,10.0.228.164:443,172.19.19.121:40635,0,0,0,"[['STREAM', 'receive', 7, 'length: 1233', 'offset: 19730']]"
227142721,1785,PacketSent,39,28,1842,NOT_RETRANSMISSION,"[['ACK', 'send', 'N/A', 'largest_observed: 67', 'missing_packets: []', 'delta_time_largest_observed_us: 1045', 'received_packet_times: []']]"
227142721,1785,PacketReceived,68,1252,10.0.228.164:443,172.19.19.121:40635,0,0,0,"[['STREAM', 'receive', 7, 'length: 1233', 'offset: 20963']]"
227142721,1785,PacketReceived,69,1252,10.0.228.164:443,172.19.19.121:40635,0,0,0,"[['STREAM', 'receive', 7, 'length: 1233', 'offset: 22196']]"
227142722,1786,PacketSent,40,28,1841,NOT_RETRANSMISSION,"[['ACK', 'send', 'N/A', 'largest_observed: 69', 'missing_packets: []', 'delta_time_largest_observed_us: 978', 'received_packet_times: []']]"
227142723,1787,PacketReceived,70,1252,10.0.228.164:443,172.19.19.121:40635,0,0,0,"[['STREAM', 'receive', 7, 'length: 1233', 'offset: 23429']]"
227142723,1787,PacketReceived,71,1252,10.0.228.164:443,172.19.19.121:40635,0,0,0,"[['STREAM', 'receive', 7, 'length: 1233', 'offset: 24662']]"
227142724,1788,PacketSent,41,28,1839,NOT_RETRANSMISSION,"[['ACK', 'send', 'N/A', 'largest_observed: 71', 'missing_packets: []', 'delta_time_largest_observed_us: 146', 'received_packet_times: []']]"
227142725,1789,PacketReceived,72,1252,10.0.228.164:443,172.19.19.121:40635,0,0,0,"[['STREAM', 'receive', 7, 'length: 1233', 'offset: 25895']]"
227142732,1796,PacketReceived,73,1252,10.0.228.164:443,172.19.19.121:40635,0,0,0,"[['STREAM', 'receive', 7, 'length: 1233', 'offset: 27128']]"
227142734,1798,PacketSent,42,28,1829,NOT_RETRANSMISSION,"[['ACK', 'send', 'N/A', 'largest_observed: 73', 'missing_packets: []', 'delta_time_largest_observed_us: 2169', 'received_packet_times: []']]"
227142734,1798,PacketReceived,74,1252,10.0.228.164:443,172.19.19.121:40635,0,0,0,"[['STREAM', 'receive', 7, 'length: 1233', 'offset: 28361']]"
227142734,1798,PacketReceived,75,1252,10.0.228.164:443,172.19.19.121:40635,0,0,0,"[['ACK', 'receive', 'N/A', 'largest_observed: 30', 'missing_packets: []', 'delta_time_largest_observed_us: 25104', 'received_packet_times: []'], ['STREAM', 'receive', 7, 'length: 1227', 'offset: 29594']]"
227142736,1800,PacketSent,43,28,1827,NOT_RETRANSMISSION,"[['ACK', 'send', 'N/A', 'largest_observed: 75', 'missing_packets: []', 'delta_time_largest_observed_us: 1313', 'received_packet_times: []']]"
227142736,1800,PacketReceived,76,1252,10.0.228.164:443,172.19.19.121:40635,0,0,0,"[['STREAM', 'receive', 7, 'length: 1233', 'offset: 30821']]"
227142738,1802,PacketReceived,77,733,10.0.228.164:443,172.19.19.121:40635,0,0,0,"[['STREAM', 'receive', 7, 'length: 714', 'offset: 32054']]"
227142739,1803,PacketSent,44,28,1824,NOT_RETRANSMISSION,"[['ACK', 'send', 'N/A', 'largest_observed: 77', 'missing_packets: []', 'delta_time_largest_observed_us: 963', 'received_packet_times: []']]"
227142739,1803,PacketReceived,78,1252,10.0.228.164:443,172.19.19.121:40635,0,0,0,"[['STREAM', 'receive', 7, 'length: 1233', 'offset: 32768']]"
227142739,1803,PacketReceived,79,1252,10.0.228.164:443,172.19.19.121:40635,0,0,0,"[['STREAM', 'receive', 7, 'length: 1233', 'offset: 34001']]"
227142740,1804,PacketSent,45,28,1823,NOT_RETRANSMISSION,"[['ACK', 'send', 'N/A', 'largest_observed: 79', 'missing_packets: []', 'delta_time_largest_observed_us: 896', 'received_packet_times: []']]"
227142741,1805,PacketReceived,80,1252,10.0.228.164:443,172.19.19.121:40635,0,0,0,"[['STREAM', 'receive', 7, 'length: 1233', 'offset: 35234']]"
227142741,1805,PacketReceived,81,1252,10.0.228.164:443,172.19.19.121:40635,0,0,0,"[['STREAM', 'receive', 7, 'length: 1233', 'offset: 36467']]"
227142742,1806,PacketSent,46,28,1821,NOT_RETRANSMISSION,"[['ACK', 'send', 'N/A', 'largest_observed: 81', 'missing_packets: []', 'delta_time_largest_observed_us: 175', 'received_packet_times: []']]"
227142743,1807,PacketReceived,82,945,10.0.228.164:443,172.19.19.121:40635,0,0,0,"[['STREAM', 'receive', 7, 'length: 926', 'offset: 37700']]"
227142744,1808,PacketReceived,83,19,10.0.228.164:443,172.19.19.121:40635,0,0,0,"[['STREAM', 'receive', 7, 'length: 0', 'offset: 38626']]"
227142745,1809,PacketSent,47,28,1818,NOT_RETRANSMISSION,"[['ACK', 'send', 'N/A', 'largest_observed: 83', 'missing_packets: []', 'delta_time_largest_observed_us: 143', 'received_packet_times: []']]"
227144416,3480,PacketSent,48,60,147,NOT_RETRANSMISSION,"[['STREAM', 'send', 3, 'length: 34', 'offset: 166', [227144415, 4588, 'QUIC_CHROMIUM_CLIENT_STREAM_SEND_REQUEST_HEADERS', 11, 'QUIC_SESSION', '{""params"": {""headers"": ["":method: GET"", "":authority: info.snomile.ink"", "":scheme: https"", "":path: /server.log"", ""user-agent: com.startimes.cronet_localsample/1 (Linux; U; Android 6.0.1; zh_CN; SM-N9100; Build/MMB29M; Cronet/80.0.3956.0)"", ""accept-encoding: gzip, deflate""], ""quic_priority"": 1, ""quic_stream_id"": 9}, ""phase"": 0}']]]"
227144459,3523,PacketReceived,84,204,10.0.228.164:443,172.19.19.121:40635,0,0,0,"[['STREAM', 'receive', 3, 'length: 185', 'offset: 370']]"
227144465,3529,PacketReceived,85,1252,10.0.228.164:443,172.19.19.121:40635,0,0,0,"[['STREAM', 'receive', 9, 'length: 1235', 'offset: 0']]"
227144466,3530,PacketSent,49,28,304,NOT_RETRANSMISSION,"[['ACK', 'send', 'N/A', 'largest_observed: 85', 'missing_packets: []', 'delta_time_largest_observed_us: 537', 'received_packet_times: []']]"
227144466,3530,PacketReceived,86,1252,10.0.228.164:443,172.19.19.121:40635,0,0,0,"[['STREAM', 'receive', 9, 'length: 1233', 'offset: 1235']]"
227144467,3531,PacketReceived,87,1252,10.0.228.164:443,172.19.19.121:40635,0,0,0,"[['STREAM', 'receive', 9, 'length: 1233', 'offset: 2468']]"
227144467,3531,PacketSent,50,28,303,NOT_RETRANSMISSION,"[['ACK', 'send', 'N/A', 'largest_observed: 87', 'missing_packets: []', 'delta_time_largest_observed_us: 279', 'received_packet_times: []']]"
227144468,3532,PacketReceived,88,1252,10.0.228.164:443,172.19.19.121:40635,0,0,0,"[['STREAM', 'receive', 9, 'length: 1233', 'offset: 3701']]"
227144468,3532,PacketReceived,89,1252,10.0.228.164:443,172.19.19.121:40635,0,0,0,"[['STREAM', 'receive', 9, 'length: 1233', 'offset: 4934']]"
227144468,3532,PacketSent,51,28,302,NOT_RETRANSMISSION,"[['ACK', 'send', 'N/A', 'largest_observed: 89', 'missing_packets: []', 'delta_time_largest_observed_us: 299', 'received_packet_times: []']]"
227144505,3569,PacketReceived,90,1252,10.0.228.164:443,172.19.19.121:40635,0,0,0,"[['STREAM', 'receive', 9, 'length: 1233', 'offset: 6167']]"
227144506,3570,PacketReceived,91,1252,10.0.228.164:443,172.19.19.121:40635,0,0,0,"[['STREAM', 'receive', 9, 'length: 1233', 'offset: 7400']]"
227144508,3572,PacketSent,52,28,262,NOT_RETRANSMISSION,"[['ACK', 'send', 'N/A', 'largest_observed: 91', 'missing_packets: []', 'delta_time_largest_observed_us: 1939', 'received_packet_times: []']]"
227144509,3573,PacketReceived,92,1252,10.0.228.164:443,172.19.19.121:40635,0,0,0,"[['STREAM', 'receive', 9, 'length: 1233', 'offset: 8633']]"
227144510,3574,PacketReceived,93,1252,10.0.228.164:443,172.19.19.121:40635,0,0,0,"[['STREAM', 'receive', 9, 'length: 1233', 'offset: 9866']]"
227144513,3577,PacketSent,53,28,257,NOT_RETRANSMISSION,"[['ACK', 'send', 'N/A', 'largest_observed: 93', 'missing_packets: []', 'delta_time_largest_observed_us: 2184', 'received_packet_times: []']]"
227144514,3578,PacketReceived,94,1252,10.0.228.164:443,172.19.19.121:40635,0,0,0,"[['STREAM', 'receive', 9, 'length: 1233', 'offset: 11099']]"
227144515,3579,PacketReceived,95,1252,10.0.228.164:443,172.19.19.121:40635,0,0,0,"[['STREAM', 'receive', 9, 'length: 1233', 'offset: 12332']]"
227144516,3580,PacketSent,54,28,254,NOT_RETRANSMISSION,"[['ACK', 'send', 'N/A', 'largest_observed: 95', 'missing_packets: []', 'delta_time_largest_observed_us: 309', 'received_packet_times: []']]"
227144516,3580,PacketReceived,96,1252,10.0.228.164:443,172.19.19.121:40635,0,0,0,"[['STREAM', 'receive', 9, 'length: 1233', 'offset: 13565']]"
227144517,3581,PacketReceived,97,1252,10.0.228.164:443,172.19.19.121:40635,0,0,0,"[['STREAM', 'receive', 9, 'length: 1233', 'offset: 14798']]"
227144517,3581,PacketSent,55,28,253,NOT_RETRANSMISSION,"[['ACK', 'send', 'N/A', 'largest_observed: 97', 'missing_packets: []', 'delta_time_largest_observed_us: 332', 'received_packet_times: []']]"
227144519,3583,PacketReceived,98,1252,10.0.228.164:443,172.19.19.121:40635,0,0,0,"[['STREAM', 'receive', 9, 'length: 1233', 'offset: 16031']]"
227144519,3583,PacketReceived,99,1252,10.0.228.164:443,172.19.19.121:40635,0,0,0,"[['STREAM', 'receive', 9, 'length: 1233', 'offset: 17264']]"
227144523,3587,PacketSent,56,28,247,NOT_RETRANSMISSION,"[['ACK', 'send', 'N/A', 'largest_observed: 99', 'missing_packets: []', 'delta_time_largest_observed_us: 3246', 'received_packet_times: []']]"
227144527,3591,PacketReceived,100,1252,10.0.228.164:443,172.19.19.121:40635,0,0,0,"[['STREAM', 'receive', 9, 'length: 1233', 'offset: 18497']]"
227144527,3591,PacketReceived,101,1252,10.0.228.164:443,172.19.19.121:40635,0,0,0,"[['STREAM', 'receive', 9, 'length: 1233', 'offset: 19730']]"
227144528,3592,PacketSent,57,28,242,NOT_RETRANSMISSION,"[['ACK', 'send', 'N/A', 'largest_observed: 101', 'missing_packets: []', 'delta_time_largest_observed_us: 333', 'received_packet_times: []']]"
227144528,3592,PacketReceived,102,1252,10.0.228.164:443,172.19.19.121:40635,0,0,0,"[['STREAM', 'receive', 9, 'length: 1233', 'offset: 20963']]"
227144529,3593,PacketReceived,103,1252,10.0.228.164:443,172.19.19.121:40635,0,0,0,"[['STREAM', 'receive', 9, 'length: 1233', 'offset: 22196']]"
227144530,3594,PacketSent,58,28,240,NOT_RETRANSMISSION,"[['ACK', 'send', 'N/A', 'largest_observed: 103', 'missing_packets: []', 'delta_time_largest_observed_us: 1318', 'received_packet_times: []']]"
227144532,3596,PacketReceived,104,1252,10.0.228.164:443,172.19.19.121:40635,0,0,0,"[['STREAM', 'receive', 9, 'length: 1233', 'offset: 23429']]"
227144534,3598,PacketReceived,105,1252,10.0.228.164:443,172.19.19.121:40635,0,0,0,"[['STREAM', 'receive', 9, 'length: 1233', 'offset: 24662']]"
227144536,3600,PacketSent,59,28,234,NOT_RETRANSMISSION,"[['ACK', 'send', 'N/A', 'largest_observed: 105', 'missing_packets: []', 'delta_time_largest_observed_us: 1794', 'received_packet_times: []']]"
227144536,3600,PacketReceived,106,1252,10.0.228.164:443,172.19.19.121:40635,0,0,0,"[['STREAM', 'receive', 9, 'length: 1233', 'offset: 25895']]"
227144536,3600,PacketReceived,107,1252,10.0.228.164:443,172.19.19.121:40635,0,0,0,"[['STREAM', 'receive', 9, 'length: 1233', 'offset: 27128']]"
227144538,3602,PacketSent,60,28,232,NOT_RETRANSMISSION,"[['ACK', 'send', 'N/A', 'largest_observed: 107', 'missing_packets: []', 'delta_time_largest_observed_us: 1824', 'received_packet_times: []']]"
227144539,3603,PacketReceived,108,1252,10.0.228.164:443,172.19.19.121:40635,0,0,0,"[['STREAM', 'receive', 9, 'length: 1233', 'offset: 28361']]"
227144547,3611,PacketReceived,109,1252,10.0.228.164:443,172.19.19.121:40635,0,0,0,"[['STREAM', 'receive', 9, 'length: 1233', 'offset: 29594']]"
227144547,3611,PacketSent,61,28,223,NOT_RETRANSMISSION,"[['ACK', 'send', 'N/A', 'largest_observed: 109', 'missing_packets: []', 'delta_time_largest_observed_us: 684', 'received_packet_times: []']]"
227144548,3612,PacketReceived,110,1252,10.0.228.164:443,172.19.19.121:40635,0,0,0,"[['STREAM', 'receive', 9, 'length: 1233', 'offset: 30827']]"
227144548,3612,PacketReceived,111,727,10.0.228.164:443,172.19.19.121:40635,0,0,0,"[['STREAM', 'receive', 9, 'length: 708', 'offset: 32060']]"
227144550,3614,PacketSent,62,28,220,NOT_RETRANSMISSION,"[['ACK', 'send', 'N/A', 'largest_observed: 111', 'missing_packets: []', 'delta_time_largest_observed_us: 1302', 'received_packet_times: []']]"
227144553,3617,PacketSent,63,60,217,TLP_RETRANSMISSION,"[['STREAM', 'send', 3, 'length: 34', 'offset: 166']]"
227144553,3617,PacketReceived,112,1252,10.0.228.164:443,172.19.19.121:40635,0,0,0,"[['STREAM', 'receive', 9, 'length: 1233', 'offset: 32768']]"
227144556,3620,PacketReceived,113,1252,10.0.228.164:443,172.19.19.121:40635,0,0,0,"[['STREAM', 'receive', 9, 'length: 1233', 'offset: 34001']]"
227144557,3621,PacketSent,64,28,213,NOT_RETRANSMISSION,"[['ACK', 'send', 'N/A', 'largest_observed: 113', 'missing_packets: []', 'delta_time_largest_observed_us: 257', 'received_packet_times: []']]"
227144557,3621,PacketReceived,114,1252,10.0.228.164:443,172.19.19.121:40635,0,0,0,"[['STREAM', 'receive', 9, 'length: 1233', 'offset: 35234']]"
227144561,3625,PacketReceived,115,1252,10.0.228.164:443,172.19.19.121:40635,0,0,0,"[['STREAM', 'receive', 9, 'length: 1233', 'offset: 36467']]"
227144562,3626,PacketSent,65,28,208,NOT_RETRANSMISSION,"[['ACK', 'send', 'N/A', 'largest_observed: 115', 'missing_packets: []', 'delta_time_largest_observed_us: 343', 'received_packet_times: []']]"
227144562,3626,PacketReceived,116,945,10.0.228.164:443,172.19.19.121:40635,0,0,0,"[['STREAM', 'receive', 9, 'length: 926', 'offset: 37700']]"
227144562,3626,PacketReceived,117,19,10.0.228.164:443,172.19.19.121:40635,0,0,0,"[['STREAM', 'receive', 9, 'length: 0', 'offset: 38626']]"
227144563,3627,PacketSent,66,28,207,NOT_RETRANSMISSION,"[['ACK', 'send', 'N/A', 'largest_observed: 117', 'missing_packets: []', 'delta_time_largest_observed_us: 244', 'received_packet_times: []']]"
227144563,3627,PacketReceived,118,24,10.0.228.164:443,172.19.19.121:40635,0,0,0,"[['ACK', 'receive', 'N/A', 'largest_observed: 48', 'missing_packets: []', 'delta_time_largest_observed_us: 25144', 'received_packet_times: []']]"
227144563,3627,PacketReceived,119,207,10.0.228.164:443,172.19.19.121:40635,0,0,0,"[['STREAM', 'receive', 3, 'length: 185', 'offset: 370']]"
227144590,3654,PacketSent,67,28,180,NOT_RETRANSMISSION,"[['ACK', 'send', 'N/A', 'largest_observed: 119', 'missing_packets: []', 'delta_time_largest_observed_us: 26477', 'received_packet_times: []']]"
227144612,3676,PacketReceived,120,1252,10.0.228.164:443,172.19.19.121:40635,0,0,0,"[['STREAM', 'receive', 9, 'length: 1230', 'offset: 3701']]"
227144612,3676,PacketReceived,121,25,10.0.228.164:443,172.19.19.121:40635,0,0,0,"[['STREAM', 'receive', 9, 'length: 3', 'offset: 4931']]"
227144613,3677,PacketSent,68,28,157,NOT_RETRANSMISSION,"[['ACK', 'send', 'N/A', 'largest_observed: 121', 'missing_packets: []', 'delta_time_largest_observed_us: 271', 'received_packet_times: []']]"
227144748,3812,PacketSent,69,60,22,NOT_RETRANSMISSION,"[['STREAM', 'send', 3, 'length: 34', 'offset: 200', [227144748, 4921, 'QUIC_CHROMIUM_CLIENT_STREAM_SEND_REQUEST_HEADERS', 11, 'QUIC_SESSION', '{""params"": {""headers"": ["":method: GET"", "":authority: info.snomile.ink"", "":scheme: https"", "":path: /server.log"", ""user-agent: com.startimes.cronet_localsample/1 (Linux; U; Android 6.0.1; zh_CN; SM-N9100; Build/MMB29M; Cronet/80.0.3956.0)"", ""accept-encoding: gzip, deflate""], ""quic_priority"": 1, ""quic_stream_id"": 11}, ""phase"": 0}']]]"
227144767,3831,PacketReceived,122,204,10.0.228.164:443,172.19.19.121:40635,0,0,0,"[['STREAM', 'receive', 3, 'length: 185', 'offset: 555']]"
227144770,3834,PacketReceived,123,1252,10.0.228.164:443,172.19.19.121:40635,0,0,0,"[['ACK', 'receive', 'N/A', 'largest_observed: 69', 'missing_packets: [51, 52, 53, 54, 55, 56, 57, 58, 59, 60, 61, 62, 63, 64, 65, 66]', 'delta_time_largest_observed_us: 961', 'received_packet_times: []'], ['STREAM', 'receive', 11, 'length: 1223', 'offset: 0']]"
227144771,3835,PacketSent,70,28,229,NOT_RETRANSMISSION,"[['ACK', 'send', 'N/A', 'largest_observed: 123', 'missing_packets: []', 'delta_time_largest_observed_us: 384', 'received_packet_times: []']]"
227144772,3836,PacketReceived,124,1252,10.0.228.164:443,172.19.19.121:40635,0,0,0,"[['STREAM', 'receive', 11, 'length: 1233', 'offset: 1223']]"
227144773,3837,PacketReceived,125,1252,10.0.228.164:443,172.19.19.121:40635,0,0,0,"[['STREAM', 'receive', 11, 'length: 1233', 'offset: 2456']]"
227144773,3837,PacketSent,71,28,227,NOT_RETRANSMISSION,"[['ACK', 'send', 'N/A', 'largest_observed: 125', 'missing_packets: []', 'delta_time_largest_observed_us: 279', 'received_packet_times: []']]"
227144775,3839,PacketReceived,126,1252,10.0.228.164:443,172.19.19.121:40635,0,0,0,"[['STREAM', 'receive', 11, 'length: 1233', 'offset: 3689']]"
227144776,3840,PacketReceived,127,1252,10.0.228.164:443,172.19.19.121:40635,0,0,0,"[['STREAM', 'receive', 11, 'length: 1233', 'offset: 4922']]"
227144778,3842,PacketSent,72,28,222,NOT_RETRANSMISSION,"[['ACK', 'send', 'N/A', 'largest_observed: 127', 'missing_packets: []', 'delta_time_largest_observed_us: 214', 'received_packet_times: []']]"
227144782,3846,PacketReceived,128,1252,10.0.228.164:443,172.19.19.121:40635,0,0,0,"[['STREAM', 'receive', 11, 'length: 1233', 'offset: 6155']]"
227144783,3847,PacketReceived,129,1252,10.0.228.164:443,172.19.19.121:40635,0,0,0,"[['STREAM', 'receive', 11, 'length: 1233', 'offset: 7388']]"
227144785,3849,PacketSent,73,28,215,NOT_RETRANSMISSION,"[['ACK', 'send', 'N/A', 'largest_observed: 129', 'missing_packets: []', 'delta_time_largest_observed_us: 1700', 'received_packet_times: []']]"
227144786,3850,PacketReceived,130,1252,10.0.228.164:443,172.19.19.121:40635,0,0,0,"[['STREAM', 'receive', 11, 'length: 1233', 'offset: 8621']]"
227144787,3851,PacketReceived,131,1252,10.0.228.164:443,172.19.19.121:40635,0,0,0,"[['STREAM', 'receive', 11, 'length: 1233', 'offset: 9854']]"
227144788,3852,PacketSent,74,28,212,NOT_RETRANSMISSION,"[['ACK', 'send', 'N/A', 'largest_observed: 131', 'missing_packets: []', 'delta_time_largest_observed_us: 337', 'received_packet_times: []']]"
227144793,3857,PacketReceived,132,1252,10.0.228.164:443,172.19.19.121:40635,0,0,0,"[['STREAM', 'receive', 11, 'length: 1233', 'offset: 11087']]"
227144796,3860,PacketReceived,133,1252,10.0.228.164:443,172.19.19.121:40635,0,0,0,"[['STREAM', 'receive', 11, 'length: 1233', 'offset: 12320']]"
227144796,3860,PacketSent,75,28,204,NOT_RETRANSMISSION,"[['ACK', 'send', 'N/A', 'largest_observed: 133', 'missing_packets: []', 'delta_time_largest_observed_us: 248', 'received_packet_times: []']]"
227144796,3860,PacketReceived,134,1252,10.0.228.164:443,172.19.19.121:40635,0,0,0,"[['STREAM', 'receive', 11, 'length: 1233', 'offset: 13553']]"
227144800,3864,PacketReceived,135,1252,10.0.228.164:443,172.19.19.121:40635,0,0,0,"[['STREAM', 'receive', 11, 'length: 1233', 'offset: 14786']]"
227144801,3865,PacketSent,76,28,199,NOT_RETRANSMISSION,"[['ACK', 'send', 'N/A', 'largest_observed: 135', 'missing_packets: []', 'delta_time_largest_observed_us: 899', 'received_packet_times: []']]"
227144801,3865,PacketReceived,136,1252,10.0.228.164:443,172.19.19.121:40635,0,0,0,"[['STREAM', 'receive', 11, 'length: 1233', 'offset: 16019']]"
227144802,3866,PacketReceived,137,1252,10.0.228.164:443,172.19.19.121:40635,0,0,0,"[['STREAM', 'receive', 11, 'length: 1233', 'offset: 17252']]"
227144802,3866,PacketSent,77,28,198,NOT_RETRANSMISSION,"[['ACK', 'send', 'N/A', 'largest_observed: 137', 'missing_packets: []', 'delta_time_largest_observed_us: 307', 'received_packet_times: []']]"
227144803,3867,PacketReceived,138,1252,10.0.228.164:443,172.19.19.121:40635,0,0,0,"[['STREAM', 'receive', 11, 'length: 1233', 'offset: 18485']]"
227144803,3867,PacketReceived,139,1252,10.0.228.164:443,172.19.19.121:40635,0,0,0,"[['STREAM', 'receive', 11, 'length: 1233', 'offset: 19718']]"
227144804,3868,PacketSent,78,28,196,NOT_RETRANSMISSION,"[['ACK', 'send', 'N/A', 'largest_observed: 139', 'missing_packets: []', 'delta_time_largest_observed_us: 306', 'received_packet_times: []']]"
227144809,3873,PacketReceived,140,1252,10.0.228.164:443,172.19.19.121:40635,0,0,0,"[['STREAM', 'receive', 11, 'length: 1233', 'offset: 20951']]"
227144810,3874,PacketReceived,141,1252,10.0.228.164:443,172.19.19.121:40635,0,0,0,"[['STREAM', 'receive', 11, 'length: 1233', 'offset: 22184']]"
227144810,3874,PacketSent,79,28,190,NOT_RETRANSMISSION,"[['ACK', 'send', 'N/A', 'largest_observed: 141', 'missing_packets: []', 'delta_time_largest_observed_us: 362', 'received_packet_times: []']]"
227144810,3874,PacketReceived,142,1252,10.0.228.164:443,172.19.19.121:40635,0,0,0,"[['STREAM', 'receive', 11, 'length: 1233', 'offset: 23417']]"
227144820,3884,PacketReceived,143,1252,10.0.228.164:443,172.19.19.121:40635,0,0,0,"[['STREAM', 'receive', 11, 'length: 1233', 'offset: 24650']]"
227144820,3884,PacketSent,80,28,180,NOT_RETRANSMISSION,"[['ACK', 'send', 'N/A', 'largest_observed: 143', 'missing_packets: []', 'delta_time_largest_observed_us: 516', 'received_packet_times: []']]"
227144820,3884,PacketReceived,144,1252,10.0.228.164:443,172.19.19.121:40635,0,0,0,"[['STREAM', 'receive', 11, 'length: 1233', 'offset: 25883']]"
227144821,3885,PacketReceived,145,1252,10.0.228.164:443,172.19.19.121:40635,0,0,0,"[['STREAM', 'receive', 11, 'length: 1233', 'offset: 27116']]"
227144822,3886,PacketSent,81,28,178,NOT_RETRANSMISSION,"[['ACK', 'send', 'N/A', 'largest_observed: 145', 'missing_packets: []', 'delta_time_largest_observed_us: 973', 'received_packet_times: []']]"
227144822,3886,PacketReceived,146,1252,10.0.228.164:443,172.19.19.121:40635,0,0,0,"[['STREAM', 'receive', 11, 'length: 1233', 'offset: 28349']]"
227144829,3893,PacketReceived,147,1252,10.0.228.164:443,172.19.19.121:40635,0,0,0,"[['STREAM', 'receive', 11, 'length: 1233', 'offset: 29582']]"
227144829,3893,PacketSent,82,28,171,NOT_RETRANSMISSION,"[['ACK', 'send', 'N/A', 'largest_observed: 147', 'missing_packets: []', 'delta_time_largest_observed_us: 552', 'received_packet_times: []']]"
227144830,3894,PacketReceived,148,1252,10.0.228.164:443,172.19.19.121:40635,0,0,0,"[['STREAM', 'receive', 11, 'length: 1233', 'offset: 30815']]"
227144831,3895,PacketReceived,149,739,10.0.228.164:443,172.19.19.121:40635,0,0,0,"[['STREAM', 'receive', 11, 'length: 720', 'offset: 32048']]"
227144832,3896,PacketSent,83,28,168,NOT_RETRANSMISSION,"[['ACK', 'send', 'N/A', 'largest_observed: 149', 'missing_packets: []', 'delta_time_largest_observed_us: 1383', 'received_packet_times: []']]"
227144834,3898,PacketReceived,150,1252,10.0.228.164:443,172.19.19.121:40635,0,0,0,"[['STREAM', 'receive', 11, 'length: 1233', 'offset: 32768']]"
227144835,3899,PacketReceived,151,1252,10.0.228.164:443,172.19.19.121:40635,0,0,0,"[['STREAM', 'receive', 11, 'length: 1233', 'offset: 34001']]"
227144836,3900,PacketSent,84,28,164,NOT_RETRANSMISSION,"[['ACK', 'send', 'N/A', 'largest_observed: 151', 'missing_packets: []', 'delta_time_largest_observed_us: 1288', 'received_packet_times: []']]"
227144837,3901,PacketReceived,152,1252,10.0.228.164:443,172.19.19.121:40635,0,0,0,"[['STREAM', 'receive', 11, 'length: 1233', 'offset: 35234']]"
227144842,3906,PacketReceived,153,1252,10.0.228.164:443,172.19.19.121:40635,0,0,0,"[['STREAM', 'receive', 11, 'length: 1233', 'offset: 36467']]"
227144842,3906,PacketSent,85,28,158,NOT_RETRANSMISSION,"[['ACK', 'send', 'N/A', 'largest_observed: 153', 'missing_packets: []', 'delta_time_largest_observed_us: 459', 'received_packet_times: []']]"
227144842,3906,PacketReceived,154,945,10.0.228.164:443,172.19.19.121:40635,0,0,0,"[['STREAM', 'receive', 11, 'length: 926', 'offset: 37700']]"
227144842,3906,PacketReceived,155,19,10.0.228.164:443,172.19.19.121:40635,0,0,0,"[['STREAM', 'receive', 11, 'length: 0', 'offset: 38626']]"
227144844,3908,PacketSent,86,28,156,NOT_RETRANSMISSION,"[['ACK', 'send', 'N/A', 'largest_observed: 155', 'missing_packets: []', 'delta_time_largest_observed_us: 1346', 'received_packet_times: []']]"
227144847,3911,PacketReceived,156,1252,10.0.228.164:443,172.19.19.121:40635,0,0,0,"[['STREAM', 'receive', 11, 'length: 1230', 'offset: 28349']]"
227144848,3912,PacketReceived,157,25,10.0.228.164:443,172.19.19.121:40635,0,0,0,"[['STREAM', 'receive', 11, 'length: 3', 'offset: 29579']]"
227144849,3913,PacketSent,87,28,151,NOT_RETRANSMISSION,"[['ACK', 'send', 'N/A', 'largest_observed: 157', 'missing_packets: []', 'delta_time_largest_observed_us: 432', 'received_packet_times: []']]"
227144917,3981,PacketSent,88,60,83,NOT_RETRANSMISSION,"[['STREAM', 'send', 3, 'length: 34', 'offset: 234', [227144917, 5090, 'QUIC_CHROMIUM_CLIENT_STREAM_SEND_REQUEST_HEADERS', 11, 'QUIC_SESSION', '{""params"": {""headers"": ["":method: GET"", "":authority: info.snomile.ink"", "":scheme: https"", "":path: /server.log"", ""user-agent: com.startimes.cronet_localsample/1 (Linux; U; Android 6.0.1; zh_CN; SM-N9100; Build/MMB29M; Cronet/80.0.3956.0)"", ""accept-encoding: gzip, deflate""], ""quic_priority"": 1, ""quic_stream_id"": 13}, ""phase"": 0}']]]"
227144924,3988,PacketReceived,158,204,10.0.228.164:443,172.19.19.121:40635,0,0,0,"[['STREAM', 'receive', 3, 'length: 185', 'offset: 740']]"
227144930,3994,PacketReceived,159,1252,10.0.228.164:443,172.19.19.121:40635,0,0,0,"[['STREAM', 'receive', 13, 'length: 1235', 'offset: 0']]"
227144932,3996,PacketSent,89,28,149,NOT_RETRANSMISSION,"[['ACK', 'send', 'N/A', 'largest_observed: 159', 'missing_packets: []', 'delta_time_largest_observed_us: 256', 'received_packet_times: []']]"
227144932,3996,PacketReceived,160,1252,10.0.228.164:443,172.19.19.121:40635,0,0,0,"[['STREAM', 'receive', 13, 'length: 1233', 'offset: 1235']]"
227144932,3996,PacketReceived,161,1252,10.0.228.164:443,172.19.19.121:40635,0,0,0,"[['STREAM', 'receive', 13, 'length: 1233', 'offset: 2468']]"
227144933,3997,PacketSent,90,28,148,NOT_RETRANSMISSION,"[['ACK', 'send', 'N/A', 'largest_observed: 161', 'missing_packets: []', 'delta_time_largest_observed_us: 212', 'received_packet_times: []']]"
227144934,3998,PacketReceived,162,1252,10.0.228.164:443,172.19.19.121:40635,0,0,0,"[['STREAM', 'receive', 13, 'length: 1233', 'offset: 3701']]"
227144935,3999,PacketReceived,163,1252,10.0.228.164:443,172.19.19.121:40635,0,0,0,"[['STREAM', 'receive', 13, 'length: 1233', 'offset: 4934']]"
227144936,4000,PacketSent,91,28,145,NOT_RETRANSMISSION,"[['ACK', 'send', 'N/A', 'largest_observed: 163', 'missing_packets: []', 'delta_time_largest_observed_us: 216', 'received_packet_times: []']]"
227144938,4002,PacketReceived,164,1252,10.0.228.164:443,172.19.19.121:40635,0,0,0,"[['STREAM', 'receive', 13, 'length: 1233', 'offset: 6167']]"
227144940,4004,PacketReceived,165,1252,10.0.228.164:443,172.19.19.121:40635,0,0,0,"[['STREAM', 'receive', 13, 'length: 1233', 'offset: 7400']]"
227144941,4005,PacketSent,92,28,140,NOT_RETRANSMISSION,"[['ACK', 'send', 'N/A', 'largest_observed: 165', 'missing_packets: []', 'delta_time_largest_observed_us: 1303', 'received_packet_times: []']]"
227144943,4007,PacketReceived,166,1252,10.0.228.164:443,172.19.19.121:40635,0,0,0,"[['STREAM', 'receive', 13, 'length: 1233', 'offset: 8633']]"
227144946,4010,PacketReceived,167,1252,10.0.228.164:443,172.19.19.121:40635,0,0,0,"[['STREAM', 'receive', 13, 'length: 1233', 'offset: 9866']]"
227144946,4010,PacketSent,93,28,135,NOT_RETRANSMISSION,"[['ACK', 'send', 'N/A', 'largest_observed: 167', 'missing_packets: []', 'delta_time_largest_observed_us: 215', 'received_packet_times: []']]"
227144946,4010,PacketReceived,168,1252,10.0.228.164:443,172.19.19.121:40635,0,0,0,"[['STREAM', 'receive', 13, 'length: 1233', 'offset: 11099']]"
227144946,4010,PacketReceived,169,1252,10.0.228.164:443,172.19.19.121:40635,0,0,0,"[['STREAM', 'receive', 13, 'length: 1233', 'offset: 12332']]"
227144948,4012,PacketSent,94,28,133,NOT_RETRANSMISSION,"[['ACK', 'send', 'N/A', 'largest_observed: 169', 'missing_packets: []', 'delta_time_largest_observed_us: 1070', 'received_packet_times: []']]"
227144950,4014,PacketReceived,170,1252,10.0.228.164:443,172.19.19.121:40635,0,0,0,"[['STREAM', 'receive', 13, 'length: 1233', 'offset: 13565']]"
227144960,4024,PacketReceived,171,1252,10.0.228.164:443,172.19.19.121:40635,0,0,0,"[['STREAM', 'receive', 13, 'length: 1233', 'offset: 14798']]"
227144961,4025,PacketSent,95,28,120,NOT_RETRANSMISSION,"[['ACK', 'send', 'N/A', 'largest_observed: 171', 'missing_packets: []', 'delta_time_largest_observed_us: 244', 'received_packet_times: []']]"
227144961,4025,PacketReceived,172,1252,10.0.228.164:443,172.19.19.121:40635,0,0,0,"[['STREAM', 'receive', 13, 'length: 1233', 'offset: 16031']]"
227144965,4029,PacketReceived,173,1252,10.0.228.164:443,172.19.19.121:40635,0,0,0,"[['STREAM', 'receive', 13, 'length: 1233', 'offset: 17264']]"
227144966,4030,PacketSent,96,28,115,NOT_RETRANSMISSION,"[['ACK', 'send', 'N/A', 'largest_observed: 173', 'missing_packets: []', 'delta_time_largest_observed_us: 434', 'received_packet_times: []']]"
227144966,4030,PacketReceived,174,1252,10.0.228.164:443,172.19.19.121:40635,0,0,0,"[['STREAM', 'receive', 13, 'length: 1233', 'offset: 18497']]"
227144967,4031,PacketReceived,175,1252,10.0.228.164:443,172.19.19.121:40635,0,0,0,"[['STREAM', 'receive', 13, 'length: 1233', 'offset: 19730']]"
227144968,4032,PacketSent,97,28,113,NOT_RETRANSMISSION,"[['ACK', 'send', 'N/A', 'largest_observed: 175', 'missing_packets: []', 'delta_time_largest_observed_us: 219', 'received_packet_times: []']]"
227144968,4032,PacketReceived,176,1252,10.0.228.164:443,172.19.19.121:40635,0,0,0,"[['STREAM', 'receive', 13, 'length: 1233', 'offset: 20963']]"
227144971,4035,PacketReceived,177,1252,10.0.228.164:443,172.19.19.121:40635,0,0,0,"[['STREAM', 'receive', 13, 'length: 1233', 'offset: 22196']]"
227144972,4036,PacketSent,98,28,109,NOT_RETRANSMISSION,"[['ACK', 'send', 'N/A', 'largest_observed: 177', 'missing_packets: []', 'delta_time_largest_observed_us: 469', 'received_packet_times: []']]"
227144972,4036,PacketReceived,178,1252,10.0.228.164:443,172.19.19.121:40635,0,0,0,"[['STREAM', 'receive', 13, 'length: 1233', 'offset: 23429']]"
227144976,4040,PacketReceived,179,1252,10.0.228.164:443,172.19.19.121:40635,0,0,0,"[['STREAM', 'receive', 13, 'length: 1233', 'offset: 24662']]"
227144976,4040,PacketSent,99,28,105,NOT_RETRANSMISSION,"[['ACK', 'send', 'N/A', 'largest_observed: 179', 'missing_packets: []', 'delta_time_largest_observed_us: 284', 'received_packet_times: []']]"
227144976,4040,PacketReceived,180,1252,10.0.228.164:443,172.19.19.121:40635,0,0,0,"[['STREAM', 'receive', 13, 'length: 1233', 'offset: 25895']]"
227144978,4042,PacketReceived,181,1252,10.0.228.164:443,172.19.19.121:40635,0,0,0,"[['STREAM', 'receive', 13, 'length: 1233', 'offset: 27128']]"
227144978,4042,PacketSent,100,28,103,NOT_RETRANSMISSION,"[['ACK', 'send', 'N/A', 'largest_observed: 181', 'missing_packets: []', 'delta_time_largest_observed_us: 239', 'received_packet_times: []']]"
227144981,4045,PacketReceived,182,1252,10.0.228.164:443,172.19.19.121:40635,0,0,0,"[['STREAM', 'receive', 13, 'length: 1233', 'offset: 28361']]"
227144981,4045,PacketReceived,183,1252,10.0.228.164:443,172.19.19.121:40635,0,0,0,"[['STREAM', 'receive', 13, 'length: 1233', 'offset: 29594']]"
227144982,4046,PacketSent,101,28,99,NOT_RETRANSMISSION,"[['ACK', 'send', 'N/A', 'largest_observed: 183', 'missing_packets: []', 'delta_time_largest_observed_us: 406', 'received_packet_times: []']]"
227144982,4046,PacketReceived,184,1252,10.0.228.164:443,172.19.19.121:40635,0,0,0,"[['STREAM', 'receive', 13, 'length: 1233', 'offset: 30827']]"
227144985,4049,PacketReceived,185,727,10.0.228.164:443,172.19.19.121:40635,0,0,0,"[['STREAM', 'receive', 13, 'length: 708', 'offset: 32060']]"
227144986,4050,PacketSent,102,28,95,NOT_RETRANSMISSION,"[['ACK', 'send', 'N/A', 'largest_observed: 185', 'missing_packets: []', 'delta_time_largest_observed_us: 262', 'received_packet_times: []']]"
227144986,4050,PacketReceived,186,1252,10.0.228.164:443,172.19.19.121:40635,0,0,0,"[['STREAM', 'receive', 13, 'length: 1233', 'offset: 32768']]"
227144992,4056,PacketReceived,187,1252,10.0.228.164:443,172.19.19.121:40635,0,0,0,"[['STREAM', 'receive', 13, 'length: 1233', 'offset: 34001']]"
227144994,4058,PacketSent,103,28,87,NOT_RETRANSMISSION,"[['ACK', 'send', 'N/A', 'largest_observed: 187', 'missing_packets: []', 'delta_time_largest_observed_us: 900', 'received_packet_times: []']]"
227144994,4058,PacketReceived,188,1252,10.0.228.164:443,172.19.19.121:40635,0,0,0,"[['STREAM', 'receive', 13, 'length: 1233', 'offset: 35234']]"
227144995,4059,PacketReceived,189,1252,10.0.228.164:443,172.19.19.121:40635,0,0,0,"[['STREAM', 'receive', 13, 'length: 1233', 'offset: 36467']]"
227144996,4060,PacketSent,104,28,85,NOT_RETRANSMISSION,"[['ACK', 'send', 'N/A', 'largest_observed: 189', 'missing_packets: []', 'delta_time_largest_observed_us: 217', 'received_packet_times: []']]"
227144997,4061,PacketReceived,190,945,10.0.228.164:443,172.19.19.121:40635,0,0,0,"[['STREAM', 'receive', 13, 'length: 926', 'offset: 37700']]"
227144999,4063,PacketReceived,191,19,10.0.228.164:443,172.19.19.121:40635,0,0,0,"[['STREAM', 'receive', 13, 'length: 0', 'offset: 38626']]"
227145000,4064,PacketSent,105,28,81,NOT_RETRANSMISSION,"[['ACK', 'send', 'N/A', 'largest_observed: 191', 'missing_packets: []', 'delta_time_largest_observed_us: 448', 'received_packet_times: []']]"
227145000,4064,PacketReceived,192,24,10.0.228.164:443,172.19.19.121:40635,0,0,0,"[['ACK', 'receive', 'N/A', 'largest_observed: 88', 'missing_packets: []', 'delta_time_largest_observed_us: 25112', 'received_packet_times: []']]"
227145075,4139,PacketSent,106,60,6,NOT_RETRANSMISSION,"[['STREAM', 'send', 3, 'length: 34', 'offset: 268', [227145075, 5248, 'QUIC_CHROMIUM_CLIENT_STREAM_SEND_REQUEST_HEADERS', 11, 'QUIC_SESSION', '{""params"": {""headers"": ["":method: GET"", "":authority: info.snomile.ink"", "":scheme: https"", "":path: /server.log"", ""user-agent: com.startimes.cronet_localsample/1 (Linux; U; Android 6.0.1; zh_CN; SM-N9100; Build/MMB29M; Cronet/80.0.3956.0)"", ""accept-encoding: gzip, deflate""], ""quic_priority"": 1, ""quic_stream_id"": 15}, ""phase"": 0}']]]"
227145080,4144,PacketReceived,193,204,10.0.228.164:443,172.19.19.121:40635,0,0,0,"[['STREAM', 'receive', 3, 'length: 185', 'offset: 925']]"
227145081,4145,PacketReceived,194,1252,10.0.228.164:443,172.19.19.121:40635,0,0,0,"[['STREAM', 'receive', 15, 'length: 1235', 'offset: 0']]"
227145081,4145,PacketSent,107,28,205,NOT_RETRANSMISSION,"[['ACK', 'send', 'N/A', 'largest_observed: 194', 'missing_packets: []', 'delta_time_largest_observed_us: 271', 'received_packet_times: []']]"
227145081,4145,PacketReceived,195,1252,10.0.228.164:443,172.19.19.121:40635,0,0,0,"[['ACK', 'receive', 'N/A', 'largest_observed: 106', 'missing_packets: []', 'delta_time_largest_observed_us: 1749', 'received_packet_times: []'], ['STREAM', 'receive', 15, 'length: 1224', 'offset: 1235']]"
227145097,4161,PacketReceived,196,1252,10.0.228.164:443,172.19.19.121:40635,0,0,0,"[['STREAM', 'receive', 15, 'length: 1233', 'offset: 2459']]"
227145097,4161,PacketSent,108,28,189,NOT_RETRANSMISSION,"[['ACK', 'send', 'N/A', 'largest_observed: 196', 'missing_packets: []', 'delta_time_largest_observed_us: 279', 'received_packet_times: []']]"
227145097,4161,PacketReceived,197,1252,10.0.228.164:443,172.19.19.121:40635,0,0,0,"[['STREAM', 'receive', 15, 'length: 1233', 'offset: 3692']]"
227145098,4162,PacketReceived,198,1252,10.0.228.164:443,172.19.19.121:40635,0,0,0,"[['STREAM', 'receive', 15, 'length: 1233', 'offset: 4925']]"
227145098,4162,PacketSent,109,28,188,NOT_RETRANSMISSION,"[['ACK', 'send', 'N/A', 'largest_observed: 198', 'missing_packets: []', 'delta_time_largest_observed_us: 224', 'received_packet_times: []']]"
227145107,4171,PacketReceived,199,1252,10.0.228.164:443,172.19.19.121:40635,0,0,0,"[['STREAM', 'receive', 15, 'length: 1233', 'offset: 6158']]"
227145107,4171,PacketReceived,200,1252,10.0.228.164:443,172.19.19.121:40635,0,0,0,"[['STREAM', 'receive', 15, 'length: 1233', 'offset: 7391']]"
227145108,4172,PacketSent,110,28,178,NOT_RETRANSMISSION,"[['ACK', 'send', 'N/A', 'largest_observed: 200', 'missing_packets: []', 'delta_time_largest_observed_us: 212', 'received_packet_times: []']]"
227145108,4172,PacketReceived,201,1252,10.0.228.164:443,172.19.19.121:40635,0,0,0,"[['STREAM', 'receive', 15, 'length: 1233', 'offset: 8624']]"
227145109,4173,PacketReceived,202,1252,10.0.228.164:443,172.19.19.121:40635,0,0,0,"[['STREAM', 'receive', 15, 'length: 1233', 'offset: 9857']]"
227145109,4173,PacketSent,111,28,177,NOT_RETRANSMISSION,"[['ACK', 'send', 'N/A', 'largest_observed: 202', 'missing_packets: []', 'delta_time_largest_observed_us: 213', 'received_packet_times: []']]"
227145110,4174,PacketReceived,203,1252,10.0.228.164:443,172.19.19.121:40635,0,0,0,"[['STREAM', 'receive', 15, 'length: 1233', 'offset: 11090']]"
227145113,4177,PacketReceived,204,1252,10.0.228.164:443,172.19.19.121:40635,0,0,0,"[['STREAM', 'receive', 15, 'length: 1233', 'offset: 12323']]"
227145114,4178,PacketSent,112,28,172,NOT_RETRANSMISSION,"[['ACK', 'send', 'N/A', 'largest_observed: 204', 'missing_packets: []', 'delta_time_largest_observed_us: 222', 'received_packet_times: []']]"
227145114,4178,PacketReceived,205,1252,10.0.228.164:443,172.19.19.121:40635,0,0,0,"[['STREAM', 'receive', 15, 'length: 1233', 'offset: 13556']]"
227145115,4179,PacketReceived,206,1252,10.0.228.164:443,172.19.19.121:40635,0,0,0,"[['STREAM', 'receive', 15, 'length: 1233', 'offset: 14789']]"
227145117,4181,PacketSent,113,28,169,NOT_RETRANSMISSION,"[['ACK', 'send', 'N/A', 'largest_observed: 206', 'missing_packets: []', 'delta_time_largest_observed_us: 1868', 'received_packet_times: []']]"
227145118,4182,PacketReceived,207,1252,10.0.228.164:443,172.19.19.121:40635,0,0,0,"[['STREAM', 'receive', 15, 'length: 1233', 'offset: 16022']]"
227145118,4182,PacketReceived,208,1252,10.0.228.164:443,172.19.19.121:40635,0,0,0,"[['STREAM', 'receive', 15, 'length: 1233', 'offset: 17255']]"
227145118,4182,PacketSent,114,28,168,NOT_RETRANSMISSION,"[['ACK', 'send', 'N/A', 'largest_observed: 208', 'missing_packets: []', 'delta_time_largest_observed_us: 240', 'received_packet_times: []']]"
227145119,4183,PacketReceived,209,1252,10.0.228.164:443,172.19.19.121:40635,0,0,0,"[['STREAM', 'receive', 15, 'length: 1233', 'offset: 18488']]"
227145119,4183,PacketReceived,210,1252,10.0.228.164:443,172.19.19.121:40635,0,0,0,"[['STREAM', 'receive', 15, 'length: 1233', 'offset: 19721']]"
227145119,4183,PacketSent,115,28,167,NOT_RETRANSMISSION,"[['ACK', 'send', 'N/A', 'largest_observed: 210', 'missing_packets: []', 'delta_time_largest_observed_us: 207', 'received_packet_times: []']]"
227145120,4184,PacketReceived,211,1252,10.0.228.164:443,172.19.19.121:40635,0,0,0,"[['STREAM', 'receive', 15, 'length: 1233', 'offset: 20954']]"
227145121,4185,PacketReceived,212,1252,10.0.228.164:443,172.19.19.121:40635,0,0,0,"[['STREAM', 'receive', 15, 'length: 1233', 'offset: 22187']]"
227145122,4186,PacketSent,116,28,164,NOT_RETRANSMISSION,"[['ACK', 'send', 'N/A', 'largest_observed: 212', 'missing_packets: []', 'delta_time_largest_observed_us: 453', 'received_packet_times: []']]"
227145122,4186,PacketReceived,213,1252,10.0.228.164:443,172.19.19.121:40635,0,0,0,"[['STREAM', 'receive', 15, 'length: 1233', 'offset: 23420']]"
227145122,4186,PacketReceived,214,1252,10.0.228.164:443,172.19.19.121:40635,0,0,0,"[['STREAM', 'receive', 15, 'length: 1233', 'offset: 24653']]"
227145124,4188,PacketSent,117,28,162,NOT_RETRANSMISSION,"[['ACK', 'send', 'N/A', 'largest_observed: 214', 'missing_packets: []', 'delta_time_largest_observed_us: 1342', 'received_packet_times: []']]"
227145125,4189,PacketReceived,215,1252,10.0.228.164:443,172.19.19.121:40635,0,0,0,"[['STREAM', 'receive', 15, 'length: 1233', 'offset: 25886']]"
227145126,4190,PacketReceived,216,1252,10.0.228.164:443,172.19.19.121:40635,0,0,0,"[['STREAM', 'receive', 15, 'length: 1233', 'offset: 27119']]"
227145126,4190,PacketSent,118,28,160,NOT_RETRANSMISSION,"[['ACK', 'send', 'N/A', 'largest_observed: 216', 'missing_packets: []', 'delta_time_largest_observed_us: 219', 'received_packet_times: []']]"
227145127,4191,PacketReceived,217,1252,10.0.228.164:443,172.19.19.121:40635,0,0,0,"[['STREAM', 'receive', 15, 'length: 1233', 'offset: 28352']]"
227145127,4191,PacketReceived,218,1252,10.0.228.164:443,172.19.19.121:40635,0,0,0,"[['STREAM', 'receive', 15, 'length: 1233', 'offset: 29585']]"
227145127,4191,PacketSent,119,28,159,NOT_RETRANSMISSION,"[['ACK', 'send', 'N/A', 'largest_observed: 218', 'missing_packets: []', 'delta_time_largest_observed_us: 223', 'received_packet_times: []']]"
227145132,4196,PacketReceived,219,1252,10.0.228.164:443,172.19.19.121:40635,0,0,0,"[['STREAM', 'receive', 15, 'length: 1233', 'offset: 30818']]"
227145132,4196,PacketReceived,220,736,10.0.228.164:443,172.19.19.121:40635,0,0,0,"[['STREAM', 'receive', 15, 'length: 717', 'offset: 32051']]"
227145134,4198,PacketSent,120,28,152,NOT_RETRANSMISSION,"[['ACK', 'send', 'N/A', 'largest_observed: 220', 'missing_packets: []', 'delta_time_largest_observed_us: 898', 'received_packet_times: []']]"
227145135,4199,PacketReceived,221,1252,10.0.228.164:443,172.19.19.121:40635,0,0,0,"[['STREAM', 'receive', 15, 'length: 1233', 'offset: 32768']]"
227145136,4200,PacketReceived,222,1252,10.0.228.164:443,172.19.19.121:40635,0,0,0,"[['STREAM', 'receive', 15, 'length: 1233', 'offset: 34001']]"
227145137,4201,PacketSent,121,28,149,NOT_RETRANSMISSION,"[['ACK', 'send', 'N/A', 'largest_observed: 222', 'missing_packets: []', 'delta_time_largest_observed_us: 432', 'received_packet_times: []']]"
227145137,4201,PacketReceived,223,1252,10.0.228.164:443,172.19.19.121:40635,0,0,0,"[['STREAM', 'receive', 15, 'length: 1233', 'offset: 35234']]"
227145137,4201,PacketReceived,224,1252,10.0.228.164:443,172.19.19.121:40635,0,0,0,"[['STREAM', 'receive', 15, 'length: 1233', 'offset: 36467']]"
227145138,4202,PacketSent,122,28,148,NOT_RETRANSMISSION,"[['ACK', 'send', 'N/A', 'largest_observed: 224', 'missing_packets: []', 'delta_time_largest_observed_us: 232', 'received_packet_times: []']]"
227145138,4202,PacketReceived,225,945,10.0.228.164:443,172.19.19.121:40635,0,0,0,"[['STREAM', 'receive', 15, 'length: 926', 'offset: 37700']]"
227145142,4206,PacketReceived,226,19,10.0.228.164:443,172.19.19.121:40635,0,0,0,"[['STREAM', 'receive', 15, 'length: 0', 'offset: 38626']]"
227145143,4207,PacketSent,123,28,143,NOT_RETRANSMISSION,"[['ACK', 'send', 'N/A', 'largest_observed: 226', 'missing_packets: []', 'delta_time_largest_observed_us: 906', 'received_packet_times: []']]"
227145235,4299,PacketSent,124,60,51,NOT_RETRANSMISSION,"[['STREAM', 'send', 3, 'length: 34', 'offset: 302', [227145234, 5407, 'QUIC_CHROMIUM_CLIENT_STREAM_SEND_REQUEST_HEADERS', 11, 'QUIC_SESSION', '{""params"": {""headers"": ["":method: GET"", "":authority: info.snomile.ink"", "":scheme: https"", "":path: /server.log"", ""user-agent: com.startimes.cronet_localsample/1 (Linux; U; Android 6.0.1; zh_CN; SM-N9100; Build/MMB29M; Cronet/80.0.3956.0)"", ""accept-encoding: gzip, deflate""], ""quic_priority"": 1, ""quic_stream_id"": 17}, ""phase"": 0}']]]"
227145286,4350,PacketReceived,227,204,10.0.228.164:443,172.19.19.121:40635,0,0,0,"[['STREAM', 'receive', 3, 'length: 185', 'offset: 1110']]"
227145286,4350,PacketReceived,228,1252,10.0.228.164:443,172.19.19.121:40635,0,0,0,"[['ACK', 'receive', 'N/A', 'largest_observed: 124', 'missing_packets: [115]', 'delta_time_largest_observed_us: 891', 'received_packet_times: []'], ['STREAM', 'receive', 17, 'length: 1223', 'offset: 0']]"
227145287,4351,PacketSent,125,28,175,NOT_RETRANSMISSION,"[['ACK', 'send', 'N/A', 'largest_observed: 228', 'missing_packets: []', 'delta_time_largest_observed_us: 354', 'received_packet_times: []']]"
227145287,4351,PacketReceived,229,1252,10.0.228.164:443,172.19.19.121:40635,0,0,0,"[['STREAM', 'receive', 17, 'length: 1233', 'offset: 1223']]"
227145291,4355,PacketReceived,230,1252,10.0.228.164:443,172.19.19.121:40635,0,0,0,"[['STREAM', 'receive', 17, 'length: 1233', 'offset: 2456']]"
227145293,4357,PacketSent,126,28,169,NOT_RETRANSMISSION,"[['ACK', 'send', 'N/A', 'largest_observed: 230', 'missing_packets: []', 'delta_time_largest_observed_us: 1663', 'received_packet_times: []']]"
227145294,4358,PacketReceived,231,1252,10.0.228.164:443,172.19.19.121:40635,0,0,0,"[['STREAM', 'receive', 17, 'length: 1233', 'offset: 3689']]"
227145294,4358,PacketReceived,232,1252,10.0.228.164:443,172.19.19.121:40635,0,0,0,"[['STREAM', 'receive', 17, 'length: 1233', 'offset: 4922']]"
227145295,4359,PacketSent,127,28,167,NOT_RETRANSMISSION,"[['ACK', 'send', 'N/A', 'largest_observed: 232', 'missing_packets: []', 'delta_time_largest_observed_us: 213', 'received_packet_times: []']]"
227145296,4360,PacketReceived,233,1252,10.0.228.164:443,172.19.19.121:40635,0,0,0,"[['STREAM', 'receive', 17, 'length: 1233', 'offset: 6155']]"
227145297,4361,PacketReceived,234,1252,10.0.228.164:443,172.19.19.121:40635,0,0,0,"[['STREAM', 'receive', 17, 'length: 1233', 'offset: 7388']]"
227145298,4362,PacketSent,128,28,164,NOT_RETRANSMISSION,"[['ACK', 'send', 'N/A', 'largest_observed: 234', 'missing_packets: []', 'delta_time_largest_observed_us: 980', 'received_packet_times: []']]"
227145298,4362,PacketReceived,235,1252,10.0.228.164:443,172.19.19.121:40635,0,0,0,"[['STREAM', 'receive', 17, 'length: 1233', 'offset: 8621']]"
227145302,4366,PacketReceived,236,1252,10.0.228.164:443,172.19.19.121:40635,0,0,0,"[['STREAM', 'receive', 17, 'length: 1233', 'offset: 9854']]"
227145303,4367,PacketSent,129,28,159,NOT_RETRANSMISSION,"[['ACK', 'send', 'N/A', 'largest_observed: 236', 'missing_packets: []', 'delta_time_largest_observed_us: 295', 'received_packet_times: []']]"
227145303,4367,PacketReceived,237,1252,10.0.228.164:443,172.19.19.121:40635,0,0,0,"[['STREAM', 'receive', 17, 'length: 1233', 'offset: 11087']]"
227145303,4367,PacketReceived,238,1252,10.0.228.164:443,172.19.19.121:40635,0,0,0,"[['STREAM', 'receive', 17, 'length: 1233', 'offset: 12320']]"
227145304,4368,PacketSent,130,28,158,NOT_RETRANSMISSION,"[['ACK', 'send', 'N/A', 'largest_observed: 238', 'missing_packets: []', 'delta_time_largest_observed_us: 264', 'received_packet_times: []']]"
227145304,4368,PacketReceived,239,1252,10.0.228.164:443,172.19.19.121:40635,0,0,0,"[['STREAM', 'receive', 17, 'length: 1233', 'offset: 13553']]"
227145305,4369,PacketReceived,240,1252,10.0.228.164:443,172.19.19.121:40635,0,0,0,"[['STREAM', 'receive', 17, 'length: 1233', 'offset: 14786']]"
227145305,4369,PacketSent,131,28,157,NOT_RETRANSMISSION,"[['ACK', 'send', 'N/A', 'largest_observed: 240', 'missing_packets: []', 'delta_time_largest_observed_us: 278', 'received_packet_times: []']]"
227145312,4376,PacketReceived,241,1252,10.0.228.164:443,172.19.19.121:40635,0,0,0,"[['STREAM', 'receive', 17, 'length: 1233', 'offset: 16019']]"
227145315,4379,PacketReceived,242,1252,10.0.228.164:443,172.19.19.121:40635,0,0,0,"[['STREAM', 'receive', 17, 'length: 1233', 'offset: 17252']]"
227145315,4379,PacketSent,132,28,147,NOT_RETRANSMISSION,"[['ACK', 'send', 'N/A', 'largest_observed: 242', 'missing_packets: []', 'delta_time_largest_observed_us: 258', 'received_packet_times: []']]"
227145315,4379,PacketReceived,243,1252,10.0.228.164:443,172.19.19.121:40635,0,0,0,"[['STREAM', 'receive', 17, 'length: 1233', 'offset: 18485']]"
227145316,4380,PacketReceived,244,1252,10.0.228.164:443,172.19.19.121:40635,0,0,0,"[['STREAM', 'receive', 17, 'length: 1233', 'offset: 19718']]"
227145316,4380,PacketSent,133,28,146,NOT_RETRANSMISSION,"[['ACK', 'send', 'N/A', 'largest_observed: 244', 'missing_packets: []', 'delta_time_largest_observed_us: 258', 'received_packet_times: []']]"
227145319,4383,PacketReceived,245,1252,10.0.228.164:443,172.19.19.121:40635,0,0,0,"[['STREAM', 'receive', 17, 'length: 1233', 'offset: 20951']]"
227145320,4384,PacketReceived,246,1252,10.0.228.164:443,172.19.19.121:40635,0,0,0,"[['STREAM', 'receive', 17, 'length: 1233', 'offset: 22184']]"
227145321,4385,PacketSent,134,28,141,NOT_RETRANSMISSION,"[['ACK', 'send', 'N/A', 'largest_observed: 246', 'missing_packets: []', 'delta_time_largest_observed_us: 647', 'received_packet_times: []']]"
227145321,4385,PacketReceived,247,1252,10.0.228.164:443,172.19.19.121:40635,0,0,0,"[['STREAM', 'receive', 17, 'length: 1233', 'offset: 23417']]"
227145325,4389,PacketReceived,248,1252,10.0.228.164:443,172.19.19.121:40635,0,0,0,"[['STREAM', 'receive', 17, 'length: 1233', 'offset: 24650']]"
227145326,4390,PacketSent,135,28,136,NOT_RETRANSMISSION,"[['ACK', 'send', 'N/A', 'largest_observed: 248', 'missing_packets: []', 'delta_time_largest_observed_us: 486', 'received_packet_times: []']]"
227145326,4390,PacketReceived,249,1252,10.0.228.164:443,172.19.19.121:40635,0,0,0,"[['STREAM', 'receive', 17, 'length: 1233', 'offset: 25883']]"
227145328,4392,PacketReceived,250,1252,10.0.228.164:443,172.19.19.121:40635,0,0,0,"[['STREAM', 'receive', 17, 'length: 1233', 'offset: 27116']]"
227145328,4392,PacketSent,136,28,134,NOT_RETRANSMISSION,"[['ACK', 'send', 'N/A', 'largest_observed: 250', 'missing_packets: []', 'delta_time_largest_observed_us: 487', 'received_packet_times: []']]"
227145329,4393,PacketReceived,251,1252,10.0.228.164:443,172.19.19.121:40635,0,0,0,"[['STREAM', 'receive', 17, 'length: 1233', 'offset: 28349']]"
227145331,4395,PacketReceived,252,1252,10.0.228.164:443,172.19.19.121:40635,0,0,0,"[['STREAM', 'receive', 17, 'length: 1233', 'offset: 29582']]"
227145332,4396,PacketSent,137,28,130,NOT_RETRANSMISSION,"[['ACK', 'send', 'N/A', 'largest_observed: 252', 'missing_packets: []', 'delta_time_largest_observed_us: 570', 'received_packet_times: []']]"
227145333,4397,PacketReceived,253,1252,10.0.228.164:443,172.19.19.121:40635,0,0,0,"[['STREAM', 'receive', 17, 'length: 1233', 'offset: 30815']]"
227145333,4397,PacketReceived,254,739,10.0.228.164:443,172.19.19.121:40635,0,0,0,"[['STREAM', 'receive', 17, 'length: 720', 'offset: 32048']]"
227145334,4398,PacketSent,138,28,128,NOT_RETRANSMISSION,"[['ACK', 'send', 'N/A', 'largest_observed: 254', 'missing_packets: []', 'delta_time_largest_observed_us: 572', 'received_packet_times: []']]"
227145336,4400,PacketReceived,255,1252,10.0.228.164:443,172.19.19.121:40635,0,0,0,"[['STREAM', 'receive', 17, 'length: 1233', 'offset: 32768']]"
227145337,4401,PacketReceived,256,1252,10.0.228.164:443,172.19.19.121:40635,0,0,0,"[['STREAM', 'receive', 17, 'length: 1233', 'offset: 34001']]"
227145344,4408,PacketSent,139,29,118,NOT_RETRANSMISSION,"[['ACK', 'send', 'N/A', 'largest_observed: 256', 'missing_packets: []', 'delta_time_largest_observed_us: 6592', 'received_packet_times: []']]"
227145345,4409,PacketReceived,257,1252,10.0.228.164:443,172.19.19.121:40635,0,0,0,"[['STREAM', 'receive', 17, 'length: 1233', 'offset: 35234']]"
227145346,4410,PacketReceived,258,1252,10.0.228.164:443,172.19.19.121:40635,0,0,0,"[['STREAM', 'receive', 17, 'length: 1233', 'offset: 36467']]"
227145347,4411,PacketSent,140,29,115,NOT_RETRANSMISSION,"[['ACK', 'send', 'N/A', 'largest_observed: 258', 'missing_packets: []', 'delta_time_largest_observed_us: 226', 'received_packet_times: []']]"
227145347,4411,PacketReceived,259,945,10.0.228.164:443,172.19.19.121:40635,0,0,0,"[['STREAM', 'receive', 17, 'length: 926', 'offset: 37700']]"
227145347,4411,PacketReceived,260,19,10.0.228.164:443,172.19.19.121:40635,0,0,0,"[['STREAM', 'receive', 17, 'length: 0', 'offset: 38626']]"
227145349,4413,PacketSent,141,29,113,NOT_RETRANSMISSION,"[['ACK', 'send', 'N/A', 'largest_observed: 260', 'missing_packets: []', 'delta_time_largest_observed_us: 1192', 'received_packet_times: []']]"
227145445,4509,PacketSent,142,60,17,NOT_RETRANSMISSION,"[['STREAM', 'send', 3, 'length: 34', 'offset: 336', [227145445, 5618, 'QUIC_CHROMIUM_CLIENT_STREAM_SEND_REQUEST_HEADERS', 11, 'QUIC_SESSION', '{""params"": {""headers"": ["":method: GET"", "":authority: info.snomile.ink"", "":scheme: https"", "":path: /server.log"", ""user-agent: com.startimes.cronet_localsample/1 (Linux; U; Android 6.0.1; zh_CN; SM-N9100; Build/MMB29M; Cronet/80.0.3956.0)"", ""accept-encoding: gzip, deflate""], ""quic_priority"": 1, ""quic_stream_id"": 19}, ""phase"": 0}']]]"
227145454,4518,PacketReceived,261,204,10.0.228.164:443,172.19.19.121:40635,0,0,0,"[['STREAM', 'receive', 3, 'length: 185', 'offset: 1295']]"
227145460,4524,PacketReceived,262,1252,10.0.228.164:443,172.19.19.121:40635,0,0,0,"[['STREAM', 'receive', 19, 'length: 1235', 'offset: 0']]"
227145462,4526,PacketSent,143,29,341,NOT_RETRANSMISSION,"[['ACK', 'send', 'N/A', 'largest_observed: 262', 'missing_packets: []', 'delta_time_largest_observed_us: 1408', 'received_packet_times: []']]"
227145462,4526,PacketReceived,263,1252,10.0.228.164:443,172.19.19.121:40635,0,0,0,"[['ACK', 'receive', 'N/A', 'largest_observed: 142', 'missing_packets: []', 'delta_time_largest_observed_us: 935', 'received_packet_times: []'], ['STREAM', 'receive', 19, 'length: 1224', 'offset: 1235']]"
227145463,4527,PacketReceived,264,1252,10.0.228.164:443,172.19.19.121:40635,0,0,0,"[['STREAM', 'receive', 19, 'length: 1233', 'offset: 2459']]"
227145464,4528,PacketSent,144,29,339,NOT_RETRANSMISSION,"[['ACK', 'send', 'N/A', 'largest_observed: 264', 'missing_packets: []', 'delta_time_largest_observed_us: 234', 'received_packet_times: []']]"
227145465,4529,PacketReceived,265,1252,10.0.228.164:443,172.19.19.121:40635,0,0,0,"[['STREAM', 'receive', 19, 'length: 1233', 'offset: 3692']]"
227145469,4533,PacketReceived,266,1252,10.0.228.164:443,172.19.19.121:40635,0,0,0,"[['STREAM', 'receive', 19, 'length: 1233', 'offset: 4925']]"
227145469,4533,PacketSent,145,29,334,NOT_RETRANSMISSION,"[['ACK', 'send', 'N/A', 'largest_observed: 266', 'missing_packets: []', 'delta_time_largest_observed_us: 288', 'received_packet_times: []']]"
227145469,4533,PacketReceived,267,1252,10.0.228.164:443,172.19.19.121:40635,0,0,0,"[['STREAM', 'receive', 19, 'length: 1233', 'offset: 6158']]"
227145471,4535,PacketReceived,268,1252,10.0.228.164:443,172.19.19.121:40635,0,0,0,"[['STREAM', 'receive', 19, 'length: 1233', 'offset: 7391']]"
227145471,4535,PacketSent,146,29,332,NOT_RETRANSMISSION,"[['ACK', 'send', 'N/A', 'largest_observed: 268', 'missing_packets: []', 'delta_time_largest_observed_us: 240', 'received_packet_times: []']]"
227145473,4537,PacketReceived,269,1252,10.0.228.164:443,172.19.19.121:40635,0,0,0,"[['STREAM', 'receive', 19, 'length: 1233', 'offset: 8624']]"
227145473,4537,PacketReceived,270,1252,10.0.228.164:443,172.19.19.121:40635,0,0,0,"[['STREAM', 'receive', 19, 'length: 1233', 'offset: 9857']]"
227145474,4538,PacketSent,147,29,329,NOT_RETRANSMISSION,"[['ACK', 'send', 'N/A', 'largest_observed: 270', 'missing_packets: []', 'delta_time_largest_observed_us: 224', 'received_packet_times: []']]"
227145474,4538,PacketReceived,271,1252,10.0.228.164:443,172.19.19.121:40635,0,0,0,"[['STREAM', 'receive', 19, 'length: 1233', 'offset: 11090']]"
227145477,4541,PacketReceived,272,1252,10.0.228.164:443,172.19.19.121:40635,0,0,0,"[['STREAM', 'receive', 19, 'length: 1233', 'offset: 12323']]"
227145478,4542,PacketSent,148,29,325,NOT_RETRANSMISSION,"[['ACK', 'send', 'N/A', 'largest_observed: 272', 'missing_packets: []', 'delta_time_largest_observed_us: 853', 'received_packet_times: []']]"
227145479,4543,PacketReceived,273,1252,10.0.228.164:443,172.19.19.121:40635,0,0,0,"[['STREAM', 'receive', 19, 'length: 1233', 'offset: 13556']]"
227145480,4544,PacketReceived,274,1252,10.0.228.164:443,172.19.19.121:40635,0,0,0,"[['STREAM', 'receive', 19, 'length: 1233', 'offset: 14789']]"
227145480,4544,PacketSent,149,29,323,NOT_RETRANSMISSION,"[['ACK', 'send', 'N/A', 'largest_observed: 274', 'missing_packets: []', 'delta_time_largest_observed_us: 218', 'received_packet_times: []']]"
227145480,4544,PacketReceived,275,1252,10.0.228.164:443,172.19.19.121:40635,0,0,0,"[['STREAM', 'receive', 19, 'length: 1233', 'offset: 16022']]"
227145483,4547,PacketReceived,276,1252,10.0.228.164:443,172.19.19.121:40635,0,0,0,"[['STREAM', 'receive', 19, 'length: 1233', 'offset: 17255']]"
227145484,4548,PacketSent,150,29,319,NOT_RETRANSMISSION,"[['ACK', 'send', 'N/A', 'largest_observed: 276', 'missing_packets: []', 'delta_time_largest_observed_us: 244', 'received_packet_times: []']]"
227145484,4548,PacketReceived,277,1252,10.0.228.164:443,172.19.19.121:40635,0,0,0,"[['STREAM', 'receive', 19, 'length: 1233', 'offset: 18488']]"
227145485,4549,PacketReceived,278,1252,10.0.228.164:443,172.19.19.121:40635,0,0,0,"[['STREAM', 'receive', 19, 'length: 1233', 'offset: 19721']]"
227145485,4549,PacketSent,151,29,318,NOT_RETRANSMISSION,"[['ACK', 'send', 'N/A', 'largest_observed: 278', 'missing_packets: []', 'delta_time_largest_observed_us: 207', 'received_packet_times: []']]"
227145486,4550,PacketReceived,279,1252,10.0.228.164:443,172.19.19.121:40635,0,0,0,"[['STREAM', 'receive', 19, 'length: 1233', 'offset: 20954']]"
227145488,4552,PacketReceived,280,1252,10.0.228.164:443,172.19.19.121:40635,0,0,0,"[['STREAM', 'receive', 19, 'length: 1233', 'offset: 22187']]"
227145489,4553,PacketSent,152,29,314,NOT_RETRANSMISSION,"[['ACK', 'send', 'N/A', 'largest_observed: 280', 'missing_packets: []', 'delta_time_largest_observed_us: 248', 'received_packet_times: []']]"
227145489,4553,PacketReceived,281,1252,10.0.228.164:443,172.19.19.121:40635,0,0,0,"[['STREAM', 'receive', 19, 'length: 1233', 'offset: 23420']]"
227145490,4554,PacketReceived,282,1252,10.0.228.164:443,172.19.19.121:40635,0,0,0,"[['STREAM', 'receive', 19, 'length: 1233', 'offset: 24653']]"
227145491,4555,PacketSent,153,29,312,NOT_RETRANSMISSION,"[['ACK', 'send', 'N/A', 'largest_observed: 282', 'missing_packets: []', 'delta_time_largest_observed_us: 518', 'received_packet_times: []']]"
227145511,4575,PacketReceived,283,1252,10.0.228.164:443,172.19.19.121:40635,0,0,0,"[['STREAM', 'receive', 19, 'length: 1233', 'offset: 25886']]"
227145511,4575,PacketReceived,284,1252,10.0.228.164:443,172.19.19.121:40635,0,0,0,"[['STREAM', 'receive', 19, 'length: 1233', 'offset: 27119']]"
227145512,4576,PacketSent,154,29,291,NOT_RETRANSMISSION,"[['ACK', 'send', 'N/A', 'largest_observed: 284', 'missing_packets: []', 'delta_time_largest_observed_us: 246', 'received_packet_times: []']]"
227145512,4576,PacketReceived,285,1252,10.0.228.164:443,172.19.19.121:40635,0,0,0,"[['STREAM', 'receive', 19, 'length: 1233', 'offset: 28352']]"
227145513,4577,PacketReceived,286,1252,10.0.228.164:443,172.19.19.121:40635,0,0,0,"[['STREAM', 'receive', 19, 'length: 1233', 'offset: 29585']]"
227145513,4577,PacketSent,155,29,290,NOT_RETRANSMISSION,"[['ACK', 'send', 'N/A', 'largest_observed: 286', 'missing_packets: []', 'delta_time_largest_observed_us: 250', 'received_packet_times: []']]"
227145514,4578,PacketReceived,287,1252,10.0.228.164:443,172.19.19.121:40635,0,0,0,"[['STREAM', 'receive', 19, 'length: 1233', 'offset: 30818']]"
227145514,4578,PacketReceived,288,736,10.0.228.164:443,172.19.19.121:40635,0,0,0,"[['STREAM', 'receive', 19, 'length: 717', 'offset: 32051']]"
227145515,4579,PacketSent,156,29,288,NOT_RETRANSMISSION,"[['ACK', 'send', 'N/A', 'largest_observed: 288', 'missing_packets: []', 'delta_time_largest_observed_us: 247', 'received_packet_times: []']]"
227145515,4579,PacketReceived,289,1252,10.0.228.164:443,172.19.19.121:40635,0,0,0,"[['STREAM', 'receive', 19, 'length: 1233', 'offset: 32768']]"
227145516,4580,PacketReceived,290,1252,10.0.228.164:443,172.19.19.121:40635,0,0,0,"[['STREAM', 'receive', 19, 'length: 1233', 'offset: 34001']]"
227145516,4580,PacketSent,157,29,287,NOT_RETRANSMISSION,"[['ACK', 'send', 'N/A', 'largest_observed: 290', 'missing_packets: []', 'delta_time_largest_observed_us: 268', 'received_packet_times: []']]"
227145516,4580,PacketReceived,291,1252,10.0.228.164:443,172.19.19.121:40635,0,0,0,"[['STREAM', 'receive', 19, 'length: 1233', 'offset: 35234']]"
227145518,4582,PacketReceived,292,1252,10.0.228.164:443,172.19.19.121:40635,0,0,0,"[['STREAM', 'receive', 19, 'length: 1233', 'offset: 36467']]"
227145518,4582,PacketSent,158,29,285,NOT_RETRANSMISSION,"[['ACK', 'send', 'N/A', 'largest_observed: 292', 'missing_packets: []', 'delta_time_largest_observed_us: 292', 'received_packet_times: []']]"
227145519,4583,PacketReceived,293,945,10.0.228.164:443,172.19.19.121:40635,0,0,0,"[['STREAM', 'receive', 19, 'length: 926', 'offset: 37700']]"
227145520,4584,PacketReceived,294,19,10.0.228.164:443,172.19.19.121:40635,0,0,0,"[['STREAM', 'receive', 19, 'length: 0', 'offset: 38626']]"
227145521,4585,PacketSent,159,29,282,NOT_RETRANSMISSION,"[['ACK', 'send', 'N/A', 'largest_observed: 294', 'missing_packets: []', 'delta_time_largest_observed_us: 269', 'received_packet_times: []']]"
227145522,4586,PacketReceived,295,1252,10.0.228.164:443,172.19.19.121:40635,0,0,0,"[['STREAM', 'receive', 19, 'length: 1230', 'offset: 18488']]"
227145523,4587,PacketReceived,296,25,10.0.228.164:443,172.19.19.121:40635,0,0,0,"[['STREAM', 'receive', 19, 'length: 3', 'offset: 19718']]"
227145524,4588,PacketSent,160,29,279,NOT_RETRANSMISSION,"[['ACK', 'send', 'N/A', 'largest_observed: 296', 'missing_packets: []', 'delta_time_largest_observed_us: 270', 'received_packet_times: []']]"
227145648,4712,PacketSent,161,60,155,NOT_RETRANSMISSION,"[['STREAM', 'send', 3, 'length: 34', 'offset: 370', [227145647, 5820, 'QUIC_CHROMIUM_CLIENT_STREAM_SEND_REQUEST_HEADERS', 11, 'QUIC_SESSION', '{""params"": {""headers"": ["":method: GET"", "":authority: info.snomile.ink"", "":scheme: https"", "":path: /server.log"", ""user-agent: com.startimes.cronet_localsample/1 (Linux; U; Android 6.0.1; zh_CN; SM-N9100; Build/MMB29M; Cronet/80.0.3956.0)"", ""accept-encoding: gzip, deflate""], ""quic_priority"": 1, ""quic_stream_id"": 21}, ""phase"": 0}']]]"
227145795,4859,PacketSent,162,60,8,TLP_RETRANSMISSION,"[['STREAM', 'send', 3, 'length: 34', 'offset: 370']]"
227145803,4867,PacketReceived,297,204,10.0.228.164:443,172.19.19.121:40635,0,0,0,"[['STREAM', 'receive', 3, 'length: 185', 'offset: 1480']]"
227145803,4867,PacketReceived,298,1252,10.0.228.164:443,172.19.19.121:40635,0,0,0,"[['ACK', 'receive', 'N/A', 'largest_observed: 162', 'missing_packets: [161]', 'delta_time_largest_observed_us: 518', 'received_packet_times: []'], ['STREAM', 'receive', 21, 'length: 1223', 'offset: 0']]"
227145805,4869,PacketSent,163,29,124,NOT_RETRANSMISSION,"[['ACK', 'send', 'N/A', 'largest_observed: 298', 'missing_packets: []', 'delta_time_largest_observed_us: 1368', 'received_packet_times: []']]"
227145805,4869,PacketReceived,299,1252,10.0.228.164:443,172.19.19.121:40635,0,0,0,"[['STREAM', 'receive', 21, 'length: 1233', 'offset: 1223']]"
227145809,4873,PacketReceived,300,1252,10.0.228.164:443,172.19.19.121:40635,0,0,0,"[['STREAM', 'receive', 21, 'length: 1233', 'offset: 2456']]"
227145811,4875,PacketSent,164,29,118,NOT_RETRANSMISSION,"[['ACK', 'send', 'N/A', 'largest_observed: 300', 'missing_packets: []', 'delta_time_largest_observed_us: 1221', 'received_packet_times: []']]"
227145811,4875,PacketReceived,301,1252,10.0.228.164:443,172.19.19.121:40635,0,0,0,"[['STREAM', 'receive', 21, 'length: 1233', 'offset: 3689']]"
227145811,4875,PacketReceived,302,1252,10.0.228.164:443,172.19.19.121:40635,0,0,0,"[['STREAM', 'receive', 21, 'length: 1233', 'offset: 4922']]"
227145813,4877,PacketSent,165,29,116,NOT_RETRANSMISSION,"[['ACK', 'send', 'N/A', 'largest_observed: 302', 'missing_packets: []', 'delta_time_largest_observed_us: 1141', 'received_packet_times: []']]"
227145815,4879,PacketReceived,303,1252,10.0.228.164:443,172.19.19.121:40635,0,0,0,"[['STREAM', 'receive', 21, 'length: 1233', 'offset: 6155']]"
227145820,4884,PacketReceived,304,1252,10.0.228.164:443,172.19.19.121:40635,0,0,0,"[['STREAM', 'receive', 21, 'length: 1233', 'offset: 7388']]"
227145820,4884,PacketSent,166,29,109,NOT_RETRANSMISSION,"[['ACK', 'send', 'N/A', 'largest_observed: 304', 'missing_packets: []', 'delta_time_largest_observed_us: 324', 'received_packet_times: []']]"
227145821,4885,PacketReceived,305,1252,10.0.228.164:443,172.19.19.121:40635,0,0,0,"[['STREAM', 'receive', 21, 'length: 1233', 'offset: 8621']]"
227145822,4886,PacketReceived,306,1252,10.0.228.164:443,172.19.19.121:40635,0,0,0,"[['STREAM', 'receive', 21, 'length: 1233', 'offset: 9854']]"
227145822,4886,PacketSent,167,29,107,NOT_RETRANSMISSION,"[['ACK', 'send', 'N/A', 'largest_observed: 306', 'missing_packets: []', 'delta_time_largest_observed_us: 213', 'received_packet_times: []']]"
227145827,4891,PacketReceived,307,1252,10.0.228.164:443,172.19.19.121:40635,0,0,0,"[['STREAM', 'receive', 21, 'length: 1233', 'offset: 11087']]"
227145827,4891,PacketReceived,308,1252,10.0.228.164:443,172.19.19.121:40635,0,0,0,"[['STREAM', 'receive', 21, 'length: 1233', 'offset: 12320']]"
227145828,4892,PacketSent,168,29,101,NOT_RETRANSMISSION,"[['ACK', 'send', 'N/A', 'largest_observed: 308', 'missing_packets: []', 'delta_time_largest_observed_us: 212', 'received_packet_times: []']]"
227145828,4892,PacketReceived,309,1252,10.0.228.164:443,172.19.19.121:40635,0,0,0,"[['STREAM', 'receive', 21, 'length: 1233', 'offset: 13553']]"
227145831,4895,PacketReceived,310,1252,10.0.228.164:443,172.19.19.121:40635,0,0,0,"[['STREAM', 'receive', 21, 'length: 1233', 'offset: 14786']]"
227145833,4897,PacketSent,169,29,96,NOT_RETRANSMISSION,"[['ACK', 'send', 'N/A', 'largest_observed: 310', 'missing_packets: []', 'delta_time_largest_observed_us: 513', 'received_packet_times: []']]"
227145833,4897,PacketReceived,311,1252,10.0.228.164:443,172.19.19.121:40635,0,0,0,"[['STREAM', 'receive', 21, 'length: 1233', 'offset: 16019']]"
227145834,4898,PacketReceived,312,1252,10.0.228.164:443,172.19.19.121:40635,0,0,0,"[['STREAM', 'receive', 21, 'length: 1233', 'offset: 17252']]"
227145834,4898,PacketSent,170,29,95,NOT_RETRANSMISSION,"[['ACK', 'send', 'N/A', 'largest_observed: 312', 'missing_packets: []', 'delta_time_largest_observed_us: 184', 'received_packet_times: []']]"
227145835,4899,PacketReceived,313,1252,10.0.228.164:443,172.19.19.121:40635,0,0,0,"[['STREAM', 'receive', 21, 'length: 1233', 'offset: 18485']]"
227145836,4900,PacketReceived,314,1252,10.0.228.164:443,172.19.19.121:40635,0,0,0,"[['STREAM', 'receive', 21, 'length: 1233', 'offset: 19718']]"
227145839,4903,PacketSent,171,29,90,NOT_RETRANSMISSION,"[['ACK', 'send', 'N/A', 'largest_observed: 314', 'missing_packets: []', 'delta_time_largest_observed_us: 513', 'received_packet_times: []']]"
227145840,4904,PacketReceived,315,1252,10.0.228.164:443,172.19.19.121:40635,0,0,0,"[['STREAM', 'receive', 21, 'length: 1233', 'offset: 20951']]"
227145840,4904,PacketReceived,316,1252,10.0.228.164:443,172.19.19.121:40635,0,0,0,"[['STREAM', 'receive', 21, 'length: 1233', 'offset: 22184']]"
227145842,4906,PacketSent,172,29,87,NOT_RETRANSMISSION,"[['ACK', 'send', 'N/A', 'largest_observed: 316', 'missing_packets: []', 'delta_time_largest_observed_us: 209', 'received_packet_times: []']]"
227145844,4908,PacketReceived,317,1252,10.0.228.164:443,172.19.19.121:40635,0,0,0,"[['STREAM', 'receive', 21, 'length: 1233', 'offset: 23417']]"
227145844,4908,PacketReceived,318,1252,10.0.228.164:443,172.19.19.121:40635,0,0,0,"[['STREAM', 'receive', 21, 'length: 1233', 'offset: 24650']]"
227145845,4909,PacketSent,173,29,84,NOT_RETRANSMISSION,"[['ACK', 'send', 'N/A', 'largest_observed: 318', 'missing_packets: []', 'delta_time_largest_observed_us: 193', 'received_packet_times: []']]"
227145846,4910,PacketReceived,319,1252,10.0.228.164:443,172.19.19.121:40635,0,0,0,"[['STREAM', 'receive', 21, 'length: 1233', 'offset: 25883']]"
227145848,4912,PacketReceived,320,1252,10.0.228.164:443,172.19.19.121:40635,0,0,0,"[['STREAM', 'receive', 21, 'length: 1233', 'offset: 27116']]"
227145850,4914,PacketSent,174,29,79,NOT_RETRANSMISSION,"[['ACK', 'send', 'N/A', 'largest_observed: 320', 'missing_packets: []', 'delta_time_largest_observed_us: 509', 'received_packet_times: []']]"
227145851,4915,PacketReceived,321,1252,10.0.228.164:443,172.19.19.121:40635,0,0,0,"[['STREAM', 'receive', 21, 'length: 1233', 'offset: 28349']]"
227145851,4915,PacketReceived,322,1252,10.0.228.164:443,172.19.19.121:40635,0,0,0,"[['STREAM', 'receive', 21, 'length: 1233', 'offset: 29582']]"
227145852,4916,PacketSent,175,29,77,NOT_RETRANSMISSION,"[['ACK', 'send', 'N/A', 'largest_observed: 322', 'missing_packets: []', 'delta_time_largest_observed_us: 527', 'received_packet_times: []']]"
227145852,4916,PacketReceived,323,1252,10.0.228.164:443,172.19.19.121:40635,0,0,0,"[['STREAM', 'receive', 21, 'length: 1233', 'offset: 30815']]"
227145852,4916,PacketReceived,324,739,10.0.228.164:443,172.19.19.121:40635,0,0,0,"[['STREAM', 'receive', 21, 'length: 720', 'offset: 32048']]"
227145853,4917,PacketSent,176,29,76,NOT_RETRANSMISSION,"[['ACK', 'send', 'N/A', 'largest_observed: 324', 'missing_packets: []', 'delta_time_largest_observed_us: 220', 'received_packet_times: []']]"
227145854,4918,PacketReceived,325,1252,10.0.228.164:443,172.19.19.121:40635,0,0,0,"[['STREAM', 'receive', 21, 'length: 1233', 'offset: 32768']]"
227145854,4918,PacketReceived,326,1252,10.0.228.164:443,172.19.19.121:40635,0,0,0,"[['STREAM', 'receive', 21, 'length: 1233', 'offset: 34001']]"
227145855,4919,PacketSent,177,29,74,NOT_RETRANSMISSION,"[['ACK', 'send', 'N/A', 'largest_observed: 326', 'missing_packets: []', 'delta_time_largest_observed_us: 223', 'received_packet_times: []']]"
227145855,4919,PacketReceived,327,1252,10.0.228.164:443,172.19.19.121:40635,0,0,0,"[['STREAM', 'receive', 21, 'length: 1233', 'offset: 35234']]"
227145859,4923,PacketReceived,328,1252,10.0.228.164:443,172.19.19.121:40635,0,0,0,"[['STREAM', 'receive', 21, 'length: 1233', 'offset: 36467']]"
227145862,4926,PacketSent,178,29,67,NOT_RETRANSMISSION,"[['ACK', 'send', 'N/A', 'largest_observed: 328', 'missing_packets: []', 'delta_time_largest_observed_us: 469', 'received_packet_times: []']]"
227145865,4929,PacketReceived,329,945,10.0.228.164:443,172.19.19.121:40635,0,0,0,"[['STREAM', 'receive', 21, 'length: 926', 'offset: 37700']]"
227145866,4930,PacketReceived,330,19,10.0.228.164:443,172.19.19.121:40635,0,0,0,"[['STREAM', 'receive', 21, 'length: 0', 'offset: 38626']]"
227145866,4930,PacketSent,179,29,63,NOT_RETRANSMISSION,"[['ACK', 'send', 'N/A', 'largest_observed: 330', 'missing_packets: []', 'delta_time_largest_observed_us: 289', 'received_packet_times: []']]"
227145887,4951,PacketReceived,331,1252,10.0.228.164:443,172.19.19.121:40635,0,0,0,"[['STREAM', 'receive', 21, 'length: 1230', 'offset: 23417']]"
227145888,4952,PacketReceived,332,25,10.0.228.164:443,172.19.19.121:40635,0,0,0,"[['STREAM', 'receive', 21, 'length: 3', 'offset: 24647']]"
227145888,4952,PacketSent,180,29,41,NOT_RETRANSMISSION,"[['ACK', 'send', 'N/A', 'largest_observed: 332', 'missing_packets: []', 'delta_time_largest_observed_us: 224', 'received_packet_times: []']]"
227145909,4973,PacketSent,181,60,20,NOT_RETRANSMISSION,"[['STREAM', 'send', 3, 'length: 34', 'offset: 404', [227145908, 6081, 'QUIC_CHROMIUM_CLIENT_STREAM_SEND_REQUEST_HEADERS', 11, 'QUIC_SESSION', '{""params"": {""headers"": ["":method: GET"", "":authority: info.snomile.ink"", "":scheme: https"", "":path: /server.log"", ""user-agent: com.startimes.cronet_localsample/1 (Linux; U; Android 6.0.1; zh_CN; SM-N9100; Build/MMB29M; Cronet/80.0.3956.0)"", ""accept-encoding: gzip, deflate""], ""quic_priority"": 1, ""quic_stream_id"": 23}, ""phase"": 0}']]]"
227145927,4991,PacketReceived,333,204,10.0.228.164:443,172.19.19.121:40635,0,0,0,"[['STREAM', 'receive', 3, 'length: 185', 'offset: 1665']]"
227145928,4992,PacketReceived,334,1252,10.0.228.164:443,172.19.19.121:40635,0,0,0,"[['STREAM', 'receive', 23, 'length: 1235', 'offset: 0']]"
227145929,4993,PacketSent,182,29,0,NOT_RETRANSMISSION,"[['ACK', 'send', 'N/A', 'largest_observed: 334', 'missing_packets: []', 'delta_time_largest_observed_us: 415', 'received_packet_times: []']]"
227145929,4993,PacketReceived,335,1252,10.0.228.164:443,172.19.19.121:40635,0,0,0,"[['ACK', 'receive', 'N/A', 'largest_observed: 181', 'missing_packets: []', 'delta_time_largest_observed_us: 975', 'received_packet_times: []'], ['STREAM', 'receive', 23, 'length: 1224', 'offset: 1235']]"
227145939,5003,PacketReceived,336,1252,10.0.228.164:443,172.19.19.121:40635,0,0,0,"[['STREAM', 'receive', 23, 'length: 1233', 'offset: 2459']]"
227145939,5003,PacketSent,183,29,0,NOT_RETRANSMISSION,"[['ACK', 'send', 'N/A', 'largest_observed: 336', 'missing_packets: []', 'delta_time_largest_observed_us: 433', 'received_packet_times: []']]"
227145940,5004,PacketReceived,337,1252,10.0.228.164:443,172.19.19.121:40635,0,0,0,"[['STREAM', 'receive', 23, 'length: 1233', 'offset: 3692']]"
227145946,5010,PacketReceived,338,1252,10.0.228.164:443,172.19.19.121:40635,0,0,0,"[['STREAM', 'receive', 23, 'length: 1233', 'offset: 4925']]"
227145947,5011,PacketSent,184,29,0,NOT_RETRANSMISSION,"[['ACK', 'send', 'N/A', 'largest_observed: 338', 'missing_packets: []', 'delta_time_largest_observed_us: 643', 'received_packet_times: []']]"
227145948,5012,PacketReceived,339,1252,10.0.228.164:443,172.19.19.121:40635,0,0,0,"[['STREAM', 'receive', 23, 'length: 1233', 'offset: 6158']]"
227145948,5012,PacketReceived,340,1252,10.0.228.164:443,172.19.19.121:40635,0,0,0,"[['STREAM', 'receive', 23, 'length: 1233', 'offset: 7391']]"
227145949,5013,PacketSent,185,29,0,NOT_RETRANSMISSION,"[['ACK', 'send', 'N/A', 'largest_observed: 340', 'missing_packets: []', 'delta_time_largest_observed_us: 279', 'received_packet_times: []']]"
227145949,5013,PacketReceived,341,1252,10.0.228.164:443,172.19.19.121:40635,0,0,0,"[['STREAM', 'receive', 23, 'length: 1233', 'offset: 8624']]"
227145955,5019,PacketReceived,342,1252,10.0.228.164:443,172.19.19.121:40635,0,0,0,"[['STREAM', 'receive', 23, 'length: 1233', 'offset: 9857']]"
227145956,5020,PacketSent,186,29,0,NOT_RETRANSMISSION,"[['ACK', 'send', 'N/A', 'largest_observed: 342', 'missing_packets: []', 'delta_time_largest_observed_us: 341', 'received_packet_times: []']]"
227145956,5020,PacketReceived,343,1252,10.0.228.164:443,172.19.19.121:40635,0,0,0,"[['STREAM', 'receive', 23, 'length: 1233', 'offset: 11090']]"
227145965,5029,PacketReceived,344,1252,10.0.228.164:443,172.19.19.121:40635,0,0,0,"[['STREAM', 'receive', 23, 'length: 1233', 'offset: 12323']]"
227145966,5030,PacketSent,187,29,0,NOT_RETRANSMISSION,"[['ACK', 'send', 'N/A', 'largest_observed: 344', 'missing_packets: []', 'delta_time_largest_observed_us: 361', 'received_packet_times: []']]"
227145966,5030,PacketReceived,345,1252,10.0.228.164:443,172.19.19.121:40635,0,0,0,"[['STREAM', 'receive', 23, 'length: 1233', 'offset: 13556']]"
227145966,5030,PacketReceived,346,1252,10.0.228.164:443,172.19.19.121:40635,0,0,0,"[['STREAM', 'receive', 23, 'length: 1233', 'offset: 14789']]"
227145967,5031,PacketSent,188,29,0,NOT_RETRANSMISSION,"[['ACK', 'send', 'N/A', 'largest_observed: 346', 'missing_packets: []', 'delta_time_largest_observed_us: 521', 'received_packet_times: []']]"
227145967,5031,PacketReceived,347,1252,10.0.228.164:443,172.19.19.121:40635,0,0,0,"[['STREAM', 'receive', 23, 'length: 1233', 'offset: 16022']]"
227145968,5032,PacketReceived,348,1252,10.0.228.164:443,172.19.19.121:40635,0,0,0,"[['STREAM', 'receive', 23, 'length: 1233', 'offset: 17255']]"
227145968,5032,PacketSent,189,29,0,NOT_RETRANSMISSION,"[['ACK', 'send', 'N/A', 'largest_observed: 348', 'missing_packets: []', 'delta_time_largest_observed_us: 270', 'received_packet_times: []']]"
227145970,5034,PacketReceived,349,1252,10.0.228.164:443,172.19.19.121:40635,0,0,0,"[['STREAM', 'receive', 23, 'length: 1233', 'offset: 18488']]"
227145971,5035,PacketReceived,350,1252,10.0.228.164:443,172.19.19.121:40635,0,0,0,"[['STREAM', 'receive', 23, 'length: 1233', 'offset: 19721']]"
227145973,5037,PacketSent,190,29,0,NOT_RETRANSMISSION,"[['ACK', 'send', 'N/A', 'largest_observed: 350', 'missing_packets: []', 'delta_time_largest_observed_us: 1952', 'received_packet_times: []']]"
227145977,5041,PacketReceived,351,1252,10.0.228.164:443,172.19.19.121:40635,0,0,0,"[['STREAM', 'receive', 23, 'length: 1233', 'offset: 20954']]"
227145979,5043,PacketReceived,352,1252,10.0.228.164:443,172.19.19.121:40635,0,0,0,"[['STREAM', 'receive', 23, 'length: 1233', 'offset: 22187']]"
227145979,5043,PacketSent,191,29,0,NOT_RETRANSMISSION,"[['ACK', 'send', 'N/A', 'largest_observed: 352', 'missing_packets: []', 'delta_time_largest_observed_us: 256', 'received_packet_times: []']]"
227145980,5044,PacketReceived,353,1252,10.0.228.164:443,172.19.19.121:40635,0,0,0,"[['STREAM', 'receive', 23, 'length: 1233', 'offset: 23420']]"
227145980,5044,PacketReceived,354,1252,10.0.228.164:443,172.19.19.121:40635,0,0,0,"[['STREAM', 'receive', 23, 'length: 1233', 'offset: 24653']]"
227145982,5046,PacketSent,192,29,0,NOT_RETRANSMISSION,"[['ACK', 'send', 'N/A', 'largest_observed: 354', 'missing_packets: []', 'delta_time_largest_observed_us: 1416', 'received_packet_times: []']]"
227145984,5048,PacketReceived,355,1252,10.0.228.164:443,172.19.19.121:40635,0,0,0,"[['STREAM', 'receive', 23, 'length: 1233', 'offset: 25886']]"
227145984,5048,PacketReceived,356,1252,10.0.228.164:443,172.19.19.121:40635,0,0,0,"[['STREAM', 'receive', 23, 'length: 1233', 'offset: 27119']]"
227145986,5050,PacketSent,193,29,0,NOT_RETRANSMISSION,"[['ACK', 'send', 'N/A', 'largest_observed: 356', 'missing_packets: []', 'delta_time_largest_observed_us: 1278', 'received_packet_times: []']]"
227145986,5050,PacketReceived,357,1252,10.0.228.164:443,172.19.19.121:40635,0,0,0,"[['STREAM', 'receive', 23, 'length: 1233', 'offset: 28352']]"
227145989,5053,PacketReceived,358,1252,10.0.228.164:443,172.19.19.121:40635,0,0,0,"[['STREAM', 'receive', 23, 'length: 1233', 'offset: 29585']]"
227145989,5053,PacketSent,194,29,0,NOT_RETRANSMISSION,"[['ACK', 'send', 'N/A', 'largest_observed: 358', 'missing_packets: []', 'delta_time_largest_observed_us: 615', 'received_packet_times: []']]"
227145990,5054,PacketReceived,359,1252,10.0.228.164:443,172.19.19.121:40635,0,0,0,"[['STREAM', 'receive', 23, 'length: 1233', 'offset: 30818']]"
227145990,5054,PacketReceived,360,736,10.0.228.164:443,172.19.19.121:40635,0,0,0,"[['STREAM', 'receive', 23, 'length: 717', 'offset: 32051']]"
227145995,5059,PacketSent,195,29,0,NOT_RETRANSMISSION,"[['ACK', 'send', 'N/A', 'largest_observed: 360', 'missing_packets: []', 'delta_time_largest_observed_us: 2892', 'received_packet_times: []']]"
227145999,5063,PacketReceived,361,1252,10.0.228.164:443,172.19.19.121:40635,0,0,0,"[['STREAM', 'receive', 23, 'length: 1233', 'offset: 32768']]"
227146001,5065,PacketReceived,362,1252,10.0.228.164:443,172.19.19.121:40635,0,0,0,"[['STREAM', 'receive', 23, 'length: 1233', 'offset: 34001']]"
227146001,5065,PacketSent,196,29,0,NOT_RETRANSMISSION,"[['ACK', 'send', 'N/A', 'largest_observed: 362', 'missing_packets: []', 'delta_time_largest_observed_us: 253', 'received_packet_times: []']]"
227146004,5068,PacketReceived,363,1252,10.0.228.164:443,172.19.19.121:40635,0,0,0,"[['STREAM', 'receive', 23, 'length: 1233', 'offset: 35234']]"
227146006,5070,PacketReceived,364,1252,10.0.228.164:443,172.19.19.121:40635,0,0,0,"[['STREAM', 'receive', 23, 'length: 1233', 'offset: 36467']]"
227146006,5070,PacketSent,197,29,0,NOT_RETRANSMISSION,"[['ACK', 'send', 'N/A', 'largest_observed: 364', 'missing_packets: []', 'delta_time_largest_observed_us: 265', 'received_packet_times: []']]"
227146006,5070,PacketReceived,365,945,10.0.228.164:443,172.19.19.121:40635,0,0,0,"[['STREAM', 'receive', 23, 'length: 926', 'offset: 37700']]"
227146012,5076,PacketReceived,366,19,10.0.228.164:443,172.19.19.121:40635,0,0,0,"[['STREAM', 'receive', 23, 'length: 0', 'offset: 38626']]"
227146012,5076,PacketSent,198,29,0,NOT_RETRANSMISSION,"[['ACK', 'send', 'N/A', 'largest_observed: 366', 'missing_packets: []', 'delta_time_largest_observed_us: 317', 'received_packet_times: []']]"
227146133,5197,PacketReceived,367,1252,10.0.228.164:443,172.19.19.121:40635,0,0,0,"[['STREAM', 'receive', 23, 'length: 1230', 'offset: 3692']]"
227146133,5197,PacketReceived,368,25,10.0.228.164:443,172.19.19.121:40635,0,0,0,"[['STREAM', 'receive', 23, 'length: 3', 'offset: 4922']]"
227146134,5198,PacketSent,199,29,0,NOT_RETRANSMISSION,"[['ACK', 'send', 'N/A', 'largest_observed: 368', 'missing_packets: []', 'delta_time_largest_observed_us: 277', 'received_packet_times: []']]"
227146168,5232,PacketReceived,369,1252,10.0.228.164:443,172.19.19.121:40635,0,0,0,"[['STREAM', 'receive', 23, 'length: 1230', 'offset: 4925']]"
227146168,5232,PacketReceived,370,25,10.0.228.164:443,172.19.19.121:40635,0,0,0,"[['STREAM', 'receive', 23, 'length: 3', 'offset: 6155']]"
227146169,5233,PacketSent,200,29,0,NOT_RETRANSMISSION,"[['ACK', 'send', 'N/A', 'largest_observed: 370', 'missing_packets: []', 'delta_time_largest_observed_us: 279', 'received_packet_times: []']]"
