319521823,4747,QUIC_SESSION_STREAM_FRAME_SENT,10,QUIC_SESSION,"{""params"": {""fin"": false, ""length"": 1024, ""offset"": 0, ""stream_id"": 1}, ""phase"": 0}"
319521823,4747,QUIC_SESSION_PACKET_SENT,10,QUIC_SESSION,"{""params"": {""encryption_level"": ""ENCRYPTION_INITIAL"", ""packet_number"": 1, ""sent_time_us"": 319521823464, ""size"": 1350, ""transmission_type"": ""NOT_RETRANSMISSION""}, ""phase"": 0}"
319521973,4897,QUIC_SESSION_STREAM_FRAME_SENT,10,QUIC_SESSION,"{""params"": {""fin"": false, ""length"": 1024, ""offset"": 0, ""stream_id"": 1}, ""phase"": 0}"
319521974,4898,QUIC_SESSION_PACKET_SENT,10,QUIC_SESSION,"{""params"": {""encryption_level"": ""ENCRYPTION_INITIAL"", ""packet_number"": 2, ""sent_time_us"": 319521974191, ""size"": 1350, ""transmission_type"": ""HANDSHAKE_RETRANSMISSION""}, ""phase"": 0}"
319522007,4931,QUIC_SESSION_PACKET_RECEIVED,10,QUIC_SESSION,"{""params"": {""peer_address"": ""10.0.228.164:443"", ""self_address"": ""172.19.19.121:44893"", ""size"": 270}, ""phase"": 0}"
319522007,4931,QUIC_SESSION_UNAUTHENTICATED_PACKET_HEADER_RECEIVED,10,QUIC_SESSION,"{""params"": {""connection_id"": ""0"", ""header_format"": ""GOOGLE_QUIC_PACKET"", ""packet_number"": 1, ""reset_flag"": 0, ""version_flag"": 0}, ""phase"": 0}"
319522008,4932,QUIC_SESSION_STREAM_FRAME_RECEIVED,10,QUIC_SESSION,"{""params"": {""fin"": false, ""length"": 245, ""offset"": 0, ""stream_id"": 1}, ""phase"": 0}"
319522008,4932,QUIC_SESSION_STREAM_FRAME_SENT,10,QUIC_SESSION,"{""params"": {""fin"": false, ""length"": 1024, ""offset"": 1024, ""stream_id"": 1}, ""phase"": 0}"
319522009,4933,QUIC_SESSION_PACKET_SENT,10,QUIC_SESSION,"{""params"": {""encryption_level"": ""ENCRYPTION_INITIAL"", ""packet_number"": 3, ""sent_time_us"": 319522009100, ""size"": 1350, ""transmission_type"": ""NOT_RETRANSMISSION""}, ""phase"": 0}"
319522009,4933,QUIC_SESSION_PACKET_RECEIVED,10,QUIC_SESSION,"{""params"": {""peer_address"": ""10.0.228.164:443"", ""self_address"": ""172.19.19.121:44893"", ""size"": 29}, ""phase"": 0}"
319522009,4933,QUIC_SESSION_UNAUTHENTICATED_PACKET_HEADER_RECEIVED,10,QUIC_SESSION,"{""params"": {""connection_id"": ""0"", ""header_format"": ""GOOGLE_QUIC_PACKET"", ""packet_number"": 2, ""reset_flag"": 0, ""version_flag"": 0}, ""phase"": 0}"
319522009,4933,QUIC_SESSION_ACK_FRAME_RECEIVED,10,QUIC_SESSION,"{""params"": {""delta_time_largest_observed_us"": 2473, ""largest_observed"": 1, ""missing_packets"": [], ""received_packet_times"": []}, ""phase"": 0}"
319522010,4934,QUIC_SESSION_PACKET_RECEIVED,10,QUIC_SESSION,"{""params"": {""peer_address"": ""10.0.228.164:443"", ""self_address"": ""172.19.19.121:44893"", ""size"": 29}, ""phase"": 0}"
319522010,4934,QUIC_SESSION_UNAUTHENTICATED_PACKET_HEADER_RECEIVED,10,QUIC_SESSION,"{""params"": {""connection_id"": ""0"", ""header_format"": ""GOOGLE_QUIC_PACKET"", ""packet_number"": 3, ""reset_flag"": 0, ""version_flag"": 0}, ""phase"": 0}"
319522010,4934,QUIC_SESSION_ACK_FRAME_RECEIVED,10,QUIC_SESSION,"{""params"": {""delta_time_largest_observed_us"": 95, ""largest_observed"": 2, ""missing_packets"": [], ""received_packet_times"": []}, ""phase"": 0}"
319522023,4947,QUIC_SESSION_PACKET_RECEIVED,10,QUIC_SESSION,"{""params"": {""peer_address"": ""10.0.228.164:443"", ""self_address"": ""172.19.19.121:44893"", ""size"": 1200}, ""phase"": 0}"
319522023,4947,QUIC_SESSION_UNAUTHENTICATED_PACKET_HEADER_RECEIVED,10,QUIC_SESSION,"{""params"": {""connection_id"": ""0"", ""header_format"": ""GOOGLE_QUIC_PACKET"", ""packet_number"": 4, ""reset_flag"": 0, ""version_flag"": 0}, ""phase"": 0}"
319522023,4947,QUIC_SESSION_STREAM_FRAME_RECEIVED,10,QUIC_SESSION,"{""params"": {""fin"": false, ""length"": 1173, ""offset"": 245, ""stream_id"": 1}, ""phase"": 0}"
319522023,4947,QUIC_SESSION_ACK_FRAME_SENT,10,QUIC_SESSION,"{""params"": {""delta_time_largest_observed_us"": 392, ""largest_observed"": 4, ""missing_packets"": [], ""received_packet_times"": []}, ""phase"": 0}"
319522023,4947,QUIC_SESSION_PACKET_SENT,10,QUIC_SESSION,"{""params"": {""encryption_level"": ""ENCRYPTION_INITIAL"", ""packet_number"": 4, ""sent_time_us"": 319522023806, ""size"": 28, ""transmission_type"": ""NOT_RETRANSMISSION""}, ""phase"": 0}"
319522024,4948,QUIC_SESSION_PACKET_RECEIVED,10,QUIC_SESSION,"{""params"": {""peer_address"": ""10.0.228.164:443"", ""self_address"": ""172.19.19.121:44893"", ""size"": 1200}, ""phase"": 0}"
319522024,4948,QUIC_SESSION_UNAUTHENTICATED_PACKET_HEADER_RECEIVED,10,QUIC_SESSION,"{""params"": {""connection_id"": ""0"", ""header_format"": ""GOOGLE_QUIC_PACKET"", ""packet_number"": 5, ""reset_flag"": 0, ""version_flag"": 0}, ""phase"": 0}"
319522024,4948,QUIC_SESSION_STREAM_FRAME_RECEIVED,10,QUIC_SESSION,"{""params"": {""fin"": false, ""length"": 1173, ""offset"": 1418, ""stream_id"": 1}, ""phase"": 0}"
319522024,4948,QUIC_SESSION_PACKET_RECEIVED,10,QUIC_SESSION,"{""params"": {""peer_address"": ""10.0.228.164:443"", ""self_address"": ""172.19.19.121:44893"", ""size"": 72}, ""phase"": 0}"
319522024,4948,QUIC_SESSION_UNAUTHENTICATED_PACKET_HEADER_RECEIVED,10,QUIC_SESSION,"{""params"": {""connection_id"": ""0"", ""header_format"": ""GOOGLE_QUIC_PACKET"", ""packet_number"": 6, ""reset_flag"": 0, ""version_flag"": 0}, ""phase"": 0}"
319522024,4948,QUIC_SESSION_STREAM_FRAME_RECEIVED,10,QUIC_SESSION,"{""params"": {""fin"": false, ""length"": 45, ""offset"": 2591, ""stream_id"": 1}, ""phase"": 0}"
319522027,4951,QUIC_SESSION_ACK_FRAME_SENT,10,QUIC_SESSION,"{""params"": {""delta_time_largest_observed_us"": 2351, ""largest_observed"": 6, ""missing_packets"": [], ""received_packet_times"": []}, ""phase"": 0}"
319522027,4951,QUIC_SESSION_PACKET_SENT,10,QUIC_SESSION,"{""params"": {""encryption_level"": ""ENCRYPTION_INITIAL"", ""packet_number"": 5, ""sent_time_us"": 319522027158, ""size"": 28, ""transmission_type"": ""NOT_RETRANSMISSION""}, ""phase"": 0}"
319522040,4964,QUIC_SESSION_PACKET_RECEIVED,10,QUIC_SESSION,"{""params"": {""peer_address"": ""10.0.228.164:443"", ""self_address"": ""172.19.19.121:44893"", ""size"": 29}, ""phase"": 0}"
319522041,4965,QUIC_SESSION_UNAUTHENTICATED_PACKET_HEADER_RECEIVED,10,QUIC_SESSION,"{""params"": {""connection_id"": ""0"", ""header_format"": ""GOOGLE_QUIC_PACKET"", ""packet_number"": 7, ""reset_flag"": 0, ""version_flag"": 0}, ""phase"": 0}"
319522041,4965,QUIC_SESSION_ACK_FRAME_RECEIVED,10,QUIC_SESSION,"{""params"": {""delta_time_largest_observed_us"": 25256, ""largest_observed"": 3, ""missing_packets"": [], ""received_packet_times"": []}, ""phase"": 0}"
319522102,5026,QUIC_SESSION_STREAM_FRAME_SENT,10,QUIC_SESSION,"{""params"": {""fin"": false, ""length"": 1024, ""offset"": 2048, ""stream_id"": 1}, ""phase"": 0}"
319522103,5027,QUIC_SESSION_PACKET_SENT,10,QUIC_SESSION,"{""params"": {""encryption_level"": ""ENCRYPTION_INITIAL"", ""packet_number"": 6, ""sent_time_us"": 319522103101, ""size"": 1350, ""transmission_type"": ""NOT_RETRANSMISSION""}, ""phase"": 0}"
319522106,5030,QUIC_CHROMIUM_CLIENT_STREAM_SEND_REQUEST_HEADERS,10,QUIC_SESSION,"{""params"": {""headers"": ["":method: GET"", "":authority: info.snomile.ink"", "":scheme: https"", "":path: /server.log"", ""user-agent: com.startimes.cronet_localsample/1 (Linux; U; Android 6.0.1; zh_CN; SM-N9100; Build/MMB29M; Cronet/80.0.3956.0)"", ""accept-encoding: gzip, deflate""], ""quic_priority"": 1, ""quic_stream_id"": 5}, ""phase"": 0}"
319522106,5030,QUIC_SESSION_STREAM_FRAME_SENT,10,QUIC_SESSION,"{""params"": {""fin"": false, ""length"": 132, ""offset"": 0, ""stream_id"": 3}, ""phase"": 0}"
319522106,5030,QUIC_SESSION_PACKET_SENT,10,QUIC_SESSION,"{""params"": {""encryption_level"": ""ENCRYPTION_ZERO_RTT"", ""packet_number"": 7, ""sent_time_us"": 319522106698, ""size"": 156, ""transmission_type"": ""NOT_RETRANSMISSION""}, ""phase"": 0}"
319522329,5253,QUIC_SESSION_STREAM_FRAME_SENT,10,QUIC_SESSION,"{""params"": {""fin"": false, ""length"": 1024, ""offset"": 2048, ""stream_id"": 1}, ""phase"": 0}"
319522331,5255,QUIC_SESSION_PACKET_SENT,10,QUIC_SESSION,"{""params"": {""encryption_level"": ""ENCRYPTION_INITIAL"", ""packet_number"": 8, ""sent_time_us"": 319522331109, ""size"": 1350, ""transmission_type"": ""HANDSHAKE_RETRANSMISSION""}, ""phase"": 0}"
319522782,5706,QUIC_SESSION_STREAM_FRAME_SENT,10,QUIC_SESSION,"{""params"": {""fin"": false, ""length"": 1024, ""offset"": 2048, ""stream_id"": 1}, ""phase"": 0}"
319522788,5712,QUIC_SESSION_PACKET_SENT,10,QUIC_SESSION,"{""params"": {""encryption_level"": ""ENCRYPTION_INITIAL"", ""packet_number"": 9, ""sent_time_us"": 319522784032, ""size"": 1350, ""transmission_type"": ""HANDSHAKE_RETRANSMISSION""}, ""phase"": 0}"
319522815,5739,QUIC_SESSION_PACKET_RECEIVED,10,QUIC_SESSION,"{""params"": {""peer_address"": ""10.0.228.164:443"", ""self_address"": ""172.19.19.121:44893"", ""size"": 35}, ""phase"": 0}"
319522815,5739,QUIC_SESSION_UNAUTHENTICATED_PACKET_HEADER_RECEIVED,10,QUIC_SESSION,"{""params"": {""connection_id"": ""0"", ""header_format"": ""GOOGLE_QUIC_PACKET"", ""packet_number"": 8, ""reset_flag"": 0, ""version_flag"": 0}, ""phase"": 0}"
319522816,5740,QUIC_SESSION_PACKET_LOST,10,QUIC_SESSION,"{""params"": {""detection_time_us"": 319522815002, ""packet_number"": 6, ""transmission_type"": ""LOSS_RETRANSMISSION""}, ""phase"": 0}"
319522816,5740,QUIC_SESSION_ACK_FRAME_RECEIVED,10,QUIC_SESSION,"{""params"": {""delta_time_largest_observed_us"": 87, ""largest_observed"": 9, ""missing_packets"": [6, 7], ""received_packet_times"": []}, ""phase"": 0}"
319523089,6013,QUIC_SESSION_STREAM_FRAME_SENT,10,QUIC_SESSION,"{""params"": {""fin"": false, ""length"": 132, ""offset"": 0, ""stream_id"": 3}, ""phase"": 0}"
319523096,6020,QUIC_SESSION_PACKET_SENT,10,QUIC_SESSION,"{""params"": {""encryption_level"": ""ENCRYPTION_ZERO_RTT"", ""packet_number"": 10, ""sent_time_us"": 319523089530, ""size"": 156, ""transmission_type"": ""TLP_RETRANSMISSION""}, ""phase"": 0}"
319523211,6135,QUIC_SESSION_PACKET_RECEIVED,10,QUIC_SESSION,"{""params"": {""peer_address"": ""10.0.228.164:443"", ""self_address"": ""172.19.19.121:44893"", ""size"": 218}, ""phase"": 0}"
319523212,6136,QUIC_SESSION_UNAUTHENTICATED_PACKET_HEADER_RECEIVED,10,QUIC_SESSION,"{""params"": {""connection_id"": ""0"", ""header_format"": ""GOOGLE_QUIC_PACKET"", ""packet_number"": 10, ""reset_flag"": 0, ""version_flag"": 0}, ""phase"": 0}"
319523213,6137,QUIC_SESSION_STREAM_FRAME_RECEIVED,10,QUIC_SESSION,"{""params"": {""fin"": false, ""length"": 156, ""offset"": 2636, ""stream_id"": 1}, ""phase"": 0}"
319523216,6140,QUIC_SESSION_ACK_FRAME_SENT,10,QUIC_SESSION,"{""params"": {""delta_time_largest_observed_us"": 4950, ""largest_observed"": 10, ""missing_packets"": [9], ""received_packet_times"": []}, ""phase"": 0}"
319523217,6141,QUIC_SESSION_PACKET_SENT,10,QUIC_SESSION,"{""params"": {""encryption_level"": ""ENCRYPTION_FORWARD_SECURE"", ""packet_number"": 11, ""sent_time_us"": 319523217032, ""size"": 31, ""transmission_type"": ""NOT_RETRANSMISSION""}, ""phase"": 0}"
319523218,6142,QUIC_SESSION_PACKET_RECEIVED,10,QUIC_SESSION,"{""params"": {""peer_address"": ""10.0.228.164:443"", ""self_address"": ""172.19.19.121:44893"", ""size"": 218}, ""phase"": 0}"
319523218,6142,QUIC_SESSION_UNAUTHENTICATED_PACKET_HEADER_RECEIVED,10,QUIC_SESSION,"{""params"": {""connection_id"": ""0"", ""header_format"": ""GOOGLE_QUIC_PACKET"", ""packet_number"": 11, ""reset_flag"": 0, ""version_flag"": 0}, ""phase"": 0}"
319523219,6143,QUIC_SESSION_STREAM_FRAME_RECEIVED,10,QUIC_SESSION,"{""params"": {""fin"": false, ""length"": 156, ""offset"": 2636, ""stream_id"": 1}, ""phase"": 0}"
319523224,6148,QUIC_SESSION_ACK_FRAME_SENT,10,QUIC_SESSION,"{""params"": {""delta_time_largest_observed_us"": 5943, ""largest_observed"": 11, ""missing_packets"": [9], ""received_packet_times"": []}, ""phase"": 0}"
319523225,6149,QUIC_SESSION_PACKET_SENT,10,QUIC_SESSION,"{""params"": {""encryption_level"": ""ENCRYPTION_FORWARD_SECURE"", ""packet_number"": 12, ""sent_time_us"": 319523224827, ""size"": 31, ""transmission_type"": ""NOT_RETRANSMISSION""}, ""phase"": 0}"
319523226,6150,QUIC_SESSION_PACKET_RECEIVED,10,QUIC_SESSION,"{""params"": {""peer_address"": ""10.0.228.164:443"", ""self_address"": ""172.19.19.121:44893"", ""size"": 218}, ""phase"": 0}"
319523226,6150,QUIC_SESSION_UNAUTHENTICATED_PACKET_HEADER_RECEIVED,10,QUIC_SESSION,"{""params"": {""connection_id"": ""0"", ""header_format"": ""GOOGLE_QUIC_PACKET"", ""packet_number"": 12, ""reset_flag"": 0, ""version_flag"": 0}, ""phase"": 0}"
319523227,6151,QUIC_SESSION_STREAM_FRAME_RECEIVED,10,QUIC_SESSION,"{""params"": {""fin"": false, ""length"": 156, ""offset"": 2636, ""stream_id"": 1}, ""phase"": 0}"
319523227,6151,QUIC_SESSION_ACK_FRAME_SENT,10,QUIC_SESSION,"{""params"": {""delta_time_largest_observed_us"": 1201, ""largest_observed"": 12, ""missing_packets"": [9], ""received_packet_times"": []}, ""phase"": 0}"
319523228,6152,QUIC_SESSION_PACKET_SENT,10,QUIC_SESSION,"{""params"": {""encryption_level"": ""ENCRYPTION_FORWARD_SECURE"", ""packet_number"": 13, ""sent_time_us"": 319523227959, ""size"": 31, ""transmission_type"": ""NOT_RETRANSMISSION""}, ""phase"": 0}"
319523361,6285,QUIC_SESSION_STREAM_FRAME_SENT,10,QUIC_SESSION,"{""params"": {""fin"": false, ""length"": 132, ""offset"": 0, ""stream_id"": 3}, ""phase"": 0}"
319523362,6286,QUIC_SESSION_PACKET_SENT,10,QUIC_SESSION,"{""params"": {""encryption_level"": ""ENCRYPTION_FORWARD_SECURE"", ""packet_number"": 14, ""sent_time_us"": 319523362082, ""size"": 156, ""transmission_type"": ""TLP_RETRANSMISSION""}, ""phase"": 0}"
319523379,6303,QUIC_SESSION_PACKET_RECEIVED,10,QUIC_SESSION,"{""params"": {""peer_address"": ""10.0.228.164:443"", ""self_address"": ""172.19.19.121:44893"", ""size"": 202}, ""phase"": 0}"
319523379,6303,QUIC_SESSION_UNAUTHENTICATED_PACKET_HEADER_RECEIVED,10,QUIC_SESSION,"{""params"": {""connection_id"": ""0"", ""header_format"": ""GOOGLE_QUIC_PACKET"", ""packet_number"": 13, ""reset_flag"": 0, ""version_flag"": 0}, ""phase"": 0}"
319523379,6303,QUIC_SESSION_STREAM_FRAME_RECEIVED,10,QUIC_SESSION,"{""params"": {""fin"": false, ""length"": 185, ""offset"": 0, ""stream_id"": 3}, ""phase"": 0}"
319523381,6305,QUIC_SESSION_ACK_FRAME_SENT,10,QUIC_SESSION,"{""params"": {""delta_time_largest_observed_us"": 2930, ""largest_observed"": 13, ""missing_packets"": [9], ""received_packet_times"": []}, ""phase"": 0}"
319523382,6306,QUIC_SESSION_PACKET_SENT,10,QUIC_SESSION,"{""params"": {""encryption_level"": ""ENCRYPTION_FORWARD_SECURE"", ""packet_number"": 15, ""sent_time_us"": 319523382235, ""size"": 31, ""transmission_type"": ""NOT_RETRANSMISSION""}, ""phase"": 0}"
319523383,6307,QUIC_CHROMIUM_CLIENT_STREAM_READ_RESPONSE_HEADERS,10,QUIC_SESSION,"{""params"": {""fin"": false, ""headers"": ["":status: 200"", ""access-control-allow-origin: *"", ""access-control-allow-methods: GET, POST, OPTIONS"", ""content-length: 38626"", ""alt-svc: quic=\"":443\""; ma=2592000; v=\""46,43,39\"",h3-Q046=\"":443\""; ma=2592000"", ""server: Caddy"", ""etag: \""q1m4t0tsy\"""", ""last-modified: Wed, 27 Nov 2019 05:34:12 GMT"", ""content-type: text/plain; charset=utf-8"", ""accept-ranges: bytes""], ""quic_stream_id"": 5}, ""phase"": 0}"
319523398,6322,QUIC_SESSION_PACKET_RECEIVED,10,QUIC_SESSION,"{""params"": {""peer_address"": ""10.0.228.164:443"", ""self_address"": ""172.19.19.121:44893"", ""size"": 1252}, ""phase"": 0}"
319523400,6324,QUIC_SESSION_UNAUTHENTICATED_PACKET_HEADER_RECEIVED,10,QUIC_SESSION,"{""params"": {""connection_id"": ""0"", ""header_format"": ""GOOGLE_QUIC_PACKET"", ""packet_number"": 14, ""reset_flag"": 0, ""version_flag"": 0}, ""phase"": 0}"
319523401,6325,QUIC_SESSION_STREAM_FRAME_RECEIVED,10,QUIC_SESSION,"{""params"": {""fin"": false, ""length"": 1235, ""offset"": 0, ""stream_id"": 5}, ""phase"": 0}"
319523402,6326,QUIC_SESSION_PACKET_RECEIVED,10,QUIC_SESSION,"{""params"": {""peer_address"": ""10.0.228.164:443"", ""self_address"": ""172.19.19.121:44893"", ""size"": 1252}, ""phase"": 0}"
319523402,6326,QUIC_SESSION_UNAUTHENTICATED_PACKET_HEADER_RECEIVED,10,QUIC_SESSION,"{""params"": {""connection_id"": ""0"", ""header_format"": ""GOOGLE_QUIC_PACKET"", ""packet_number"": 15, ""reset_flag"": 0, ""version_flag"": 0}, ""phase"": 0}"
319523402,6326,QUIC_SESSION_STREAM_FRAME_RECEIVED,10,QUIC_SESSION,"{""params"": {""fin"": false, ""length"": 1233, ""offset"": 1235, ""stream_id"": 5}, ""phase"": 0}"
319523402,6326,QUIC_SESSION_ACK_FRAME_SENT,10,QUIC_SESSION,"{""params"": {""delta_time_largest_observed_us"": 352, ""largest_observed"": 15, ""missing_packets"": [9], ""received_packet_times"": []}, ""phase"": 0}"
319523402,6326,QUIC_SESSION_PACKET_SENT,10,QUIC_SESSION,"{""params"": {""encryption_level"": ""ENCRYPTION_FORWARD_SECURE"", ""packet_number"": 16, ""sent_time_us"": 319523402754, ""size"": 31, ""transmission_type"": ""NOT_RETRANSMISSION""}, ""phase"": 0}"
319523403,6327,QUIC_SESSION_PACKET_RECEIVED,10,QUIC_SESSION,"{""params"": {""peer_address"": ""10.0.228.164:443"", ""self_address"": ""172.19.19.121:44893"", ""size"": 1252}, ""phase"": 0}"
319523403,6327,QUIC_SESSION_UNAUTHENTICATED_PACKET_HEADER_RECEIVED,10,QUIC_SESSION,"{""params"": {""connection_id"": ""0"", ""header_format"": ""GOOGLE_QUIC_PACKET"", ""packet_number"": 16, ""reset_flag"": 0, ""version_flag"": 0}, ""phase"": 0}"
319523403,6327,QUIC_SESSION_STREAM_FRAME_RECEIVED,10,QUIC_SESSION,"{""params"": {""fin"": false, ""length"": 1233, ""offset"": 2468, ""stream_id"": 5}, ""phase"": 0}"
319523408,6332,QUIC_SESSION_PACKET_RECEIVED,10,QUIC_SESSION,"{""params"": {""peer_address"": ""10.0.228.164:443"", ""self_address"": ""172.19.19.121:44893"", ""size"": 1252}, ""phase"": 0}"
319523408,6332,QUIC_SESSION_UNAUTHENTICATED_PACKET_HEADER_RECEIVED,10,QUIC_SESSION,"{""params"": {""connection_id"": ""0"", ""header_format"": ""GOOGLE_QUIC_PACKET"", ""packet_number"": 17, ""reset_flag"": 0, ""version_flag"": 0}, ""phase"": 0}"
319523408,6332,QUIC_SESSION_STREAM_FRAME_RECEIVED,10,QUIC_SESSION,"{""params"": {""fin"": false, ""length"": 1233, ""offset"": 3701, ""stream_id"": 5}, ""phase"": 0}"
319523408,6332,QUIC_SESSION_ACK_FRAME_SENT,10,QUIC_SESSION,"{""params"": {""delta_time_largest_observed_us"": 647, ""largest_observed"": 17, ""missing_packets"": [9], ""received_packet_times"": []}, ""phase"": 0}"
319523409,6333,QUIC_SESSION_PACKET_SENT,10,QUIC_SESSION,"{""params"": {""encryption_level"": ""ENCRYPTION_FORWARD_SECURE"", ""packet_number"": 17, ""sent_time_us"": 319523409098, ""size"": 31, ""transmission_type"": ""NOT_RETRANSMISSION""}, ""phase"": 0}"
319523409,6333,QUIC_SESSION_PACKET_RECEIVED,10,QUIC_SESSION,"{""params"": {""peer_address"": ""10.0.228.164:443"", ""self_address"": ""172.19.19.121:44893"", ""size"": 1252}, ""phase"": 0}"
319523410,6334,QUIC_SESSION_UNAUTHENTICATED_PACKET_HEADER_RECEIVED,10,QUIC_SESSION,"{""params"": {""connection_id"": ""0"", ""header_format"": ""GOOGLE_QUIC_PACKET"", ""packet_number"": 18, ""reset_flag"": 0, ""version_flag"": 0}, ""phase"": 0}"
319523410,6334,QUIC_SESSION_PACKET_LOST,10,QUIC_SESSION,"{""params"": {""detection_time_us"": 319523409901, ""packet_number"": 7, ""transmission_type"": ""LOSS_RETRANSMISSION""}, ""phase"": 0}"
319523410,6334,QUIC_SESSION_PACKET_LOST,10,QUIC_SESSION,"{""params"": {""detection_time_us"": 319523409901, ""packet_number"": 10, ""transmission_type"": ""LOSS_RETRANSMISSION""}, ""phase"": 0}"
319523410,6334,QUIC_SESSION_ACK_FRAME_RECEIVED,10,QUIC_SESSION,"{""params"": {""delta_time_largest_observed_us"": 3706, ""largest_observed"": 14, ""missing_packets"": [10], ""received_packet_times"": []}, ""phase"": 0}"
319523410,6334,QUIC_SESSION_STREAM_FRAME_RECEIVED,10,QUIC_SESSION,"{""params"": {""fin"": false, ""length"": 1219, ""offset"": 4934, ""stream_id"": 5}, ""phase"": 0}"
319523411,6335,QUIC_SESSION_PACKET_RECEIVED,10,QUIC_SESSION,"{""params"": {""peer_address"": ""10.0.228.164:443"", ""self_address"": ""172.19.19.121:44893"", ""size"": 1252}, ""phase"": 0}"
319523411,6335,QUIC_SESSION_UNAUTHENTICATED_PACKET_HEADER_RECEIVED,10,QUIC_SESSION,"{""params"": {""connection_id"": ""0"", ""header_format"": ""GOOGLE_QUIC_PACKET"", ""packet_number"": 19, ""reset_flag"": 0, ""version_flag"": 0}, ""phase"": 0}"
319523411,6335,QUIC_SESSION_STREAM_FRAME_RECEIVED,10,QUIC_SESSION,"{""params"": {""fin"": false, ""length"": 1233, ""offset"": 6153, ""stream_id"": 5}, ""phase"": 0}"
319523411,6335,QUIC_SESSION_ACK_FRAME_SENT,10,QUIC_SESSION,"{""params"": {""delta_time_largest_observed_us"": 360, ""largest_observed"": 19, ""missing_packets"": [], ""received_packet_times"": []}, ""phase"": 0}"
319523411,6335,QUIC_SESSION_PACKET_SENT,10,QUIC_SESSION,"{""params"": {""encryption_level"": ""ENCRYPTION_FORWARD_SECURE"", ""packet_number"": 18, ""sent_time_us"": 319523411709, ""size"": 28, ""transmission_type"": ""NOT_RETRANSMISSION""}, ""phase"": 0}"
319523413,6337,QUIC_SESSION_PACKET_RECEIVED,10,QUIC_SESSION,"{""params"": {""peer_address"": ""10.0.228.164:443"", ""self_address"": ""172.19.19.121:44893"", ""size"": 1252}, ""phase"": 0}"
319523413,6337,QUIC_SESSION_UNAUTHENTICATED_PACKET_HEADER_RECEIVED,10,QUIC_SESSION,"{""params"": {""connection_id"": ""0"", ""header_format"": ""GOOGLE_QUIC_PACKET"", ""packet_number"": 20, ""reset_flag"": 0, ""version_flag"": 0}, ""phase"": 0}"
319523413,6337,QUIC_SESSION_STREAM_FRAME_RECEIVED,10,QUIC_SESSION,"{""params"": {""fin"": false, ""length"": 1233, ""offset"": 7386, ""stream_id"": 5}, ""phase"": 0}"
319523414,6338,QUIC_SESSION_PACKET_RECEIVED,10,QUIC_SESSION,"{""params"": {""peer_address"": ""10.0.228.164:443"", ""self_address"": ""172.19.19.121:44893"", ""size"": 1252}, ""phase"": 0}"
319523416,6340,QUIC_SESSION_UNAUTHENTICATED_PACKET_HEADER_RECEIVED,10,QUIC_SESSION,"{""params"": {""connection_id"": ""0"", ""header_format"": ""GOOGLE_QUIC_PACKET"", ""packet_number"": 21, ""reset_flag"": 0, ""version_flag"": 0}, ""phase"": 0}"
319523417,6341,QUIC_SESSION_STREAM_FRAME_RECEIVED,10,QUIC_SESSION,"{""params"": {""fin"": false, ""length"": 1233, ""offset"": 8619, ""stream_id"": 5}, ""phase"": 0}"
319523417,6341,QUIC_SESSION_ACK_FRAME_SENT,10,QUIC_SESSION,"{""params"": {""delta_time_largest_observed_us"": 2730, ""largest_observed"": 21, ""missing_packets"": [], ""received_packet_times"": []}, ""phase"": 0}"
319523417,6341,QUIC_SESSION_PACKET_SENT,10,QUIC_SESSION,"{""params"": {""encryption_level"": ""ENCRYPTION_FORWARD_SECURE"", ""packet_number"": 19, ""sent_time_us"": 319523417248, ""size"": 28, ""transmission_type"": ""NOT_RETRANSMISSION""}, ""phase"": 0}"
319523419,6343,QUIC_SESSION_PACKET_RECEIVED,10,QUIC_SESSION,"{""params"": {""peer_address"": ""10.0.228.164:443"", ""self_address"": ""172.19.19.121:44893"", ""size"": 1252}, ""phase"": 0}"
319523420,6344,QUIC_SESSION_UNAUTHENTICATED_PACKET_HEADER_RECEIVED,10,QUIC_SESSION,"{""params"": {""connection_id"": ""0"", ""header_format"": ""GOOGLE_QUIC_PACKET"", ""packet_number"": 22, ""reset_flag"": 0, ""version_flag"": 0}, ""phase"": 0}"
319523420,6344,QUIC_SESSION_STREAM_FRAME_RECEIVED,10,QUIC_SESSION,"{""params"": {""fin"": false, ""length"": 1233, ""offset"": 9852, ""stream_id"": 5}, ""phase"": 0}"
319523421,6345,QUIC_SESSION_PACKET_RECEIVED,10,QUIC_SESSION,"{""params"": {""peer_address"": ""10.0.228.164:443"", ""self_address"": ""172.19.19.121:44893"", ""size"": 1252}, ""phase"": 0}"
319523421,6345,QUIC_SESSION_UNAUTHENTICATED_PACKET_HEADER_RECEIVED,10,QUIC_SESSION,"{""params"": {""connection_id"": ""0"", ""header_format"": ""GOOGLE_QUIC_PACKET"", ""packet_number"": 23, ""reset_flag"": 0, ""version_flag"": 0}, ""phase"": 0}"
319523421,6345,QUIC_SESSION_STREAM_FRAME_RECEIVED,10,QUIC_SESSION,"{""params"": {""fin"": false, ""length"": 1233, ""offset"": 11085, ""stream_id"": 5}, ""phase"": 0}"
319523421,6345,QUIC_SESSION_ACK_FRAME_SENT,10,QUIC_SESSION,"{""params"": {""delta_time_largest_observed_us"": 373, ""largest_observed"": 23, ""missing_packets"": [], ""received_packet_times"": []}, ""phase"": 0}"
319523421,6345,QUIC_SESSION_PACKET_SENT,10,QUIC_SESSION,"{""params"": {""encryption_level"": ""ENCRYPTION_FORWARD_SECURE"", ""packet_number"": 20, ""sent_time_us"": 319523421807, ""size"": 28, ""transmission_type"": ""NOT_RETRANSMISSION""}, ""phase"": 0}"
319523422,6346,QUIC_SESSION_PACKET_RECEIVED,10,QUIC_SESSION,"{""params"": {""peer_address"": ""10.0.228.164:443"", ""self_address"": ""172.19.19.121:44893"", ""size"": 1252}, ""phase"": 0}"
319523422,6346,QUIC_SESSION_UNAUTHENTICATED_PACKET_HEADER_RECEIVED,10,QUIC_SESSION,"{""params"": {""connection_id"": ""0"", ""header_format"": ""GOOGLE_QUIC_PACKET"", ""packet_number"": 24, ""reset_flag"": 0, ""version_flag"": 0}, ""phase"": 0}"
319523422,6346,QUIC_SESSION_STREAM_FRAME_RECEIVED,10,QUIC_SESSION,"{""params"": {""fin"": false, ""length"": 1233, ""offset"": 12318, ""stream_id"": 5}, ""phase"": 0}"
319523423,6347,QUIC_SESSION_PACKET_RECEIVED,10,QUIC_SESSION,"{""params"": {""peer_address"": ""10.0.228.164:443"", ""self_address"": ""172.19.19.121:44893"", ""size"": 1252}, ""phase"": 0}"
319523423,6347,QUIC_SESSION_UNAUTHENTICATED_PACKET_HEADER_RECEIVED,10,QUIC_SESSION,"{""params"": {""connection_id"": ""0"", ""header_format"": ""GOOGLE_QUIC_PACKET"", ""packet_number"": 25, ""reset_flag"": 0, ""version_flag"": 0}, ""phase"": 0}"
319523423,6347,QUIC_SESSION_STREAM_FRAME_RECEIVED,10,QUIC_SESSION,"{""params"": {""fin"": false, ""length"": 1233, ""offset"": 13551, ""stream_id"": 5}, ""phase"": 0}"
319523423,6347,QUIC_SESSION_ACK_FRAME_SENT,10,QUIC_SESSION,"{""params"": {""delta_time_largest_observed_us"": 369, ""largest_observed"": 25, ""missing_packets"": [], ""received_packet_times"": []}, ""phase"": 0}"
319523423,6347,QUIC_SESSION_PACKET_SENT,10,QUIC_SESSION,"{""params"": {""encryption_level"": ""ENCRYPTION_FORWARD_SECURE"", ""packet_number"": 21, ""sent_time_us"": 319523423476, ""size"": 28, ""transmission_type"": ""NOT_RETRANSMISSION""}, ""phase"": 0}"
319523426,6350,QUIC_SESSION_PACKET_RECEIVED,10,QUIC_SESSION,"{""params"": {""peer_address"": ""10.0.228.164:443"", ""self_address"": ""172.19.19.121:44893"", ""size"": 1252}, ""phase"": 0}"
319523427,6351,QUIC_SESSION_UNAUTHENTICATED_PACKET_HEADER_RECEIVED,10,QUIC_SESSION,"{""params"": {""connection_id"": ""0"", ""header_format"": ""GOOGLE_QUIC_PACKET"", ""packet_number"": 26, ""reset_flag"": 0, ""version_flag"": 0}, ""phase"": 0}"
319523427,6351,QUIC_SESSION_STREAM_FRAME_RECEIVED,10,QUIC_SESSION,"{""params"": {""fin"": false, ""length"": 1233, ""offset"": 14784, ""stream_id"": 5}, ""phase"": 0}"
319523428,6352,QUIC_SESSION_PACKET_RECEIVED,10,QUIC_SESSION,"{""params"": {""peer_address"": ""10.0.228.164:443"", ""self_address"": ""172.19.19.121:44893"", ""size"": 1252}, ""phase"": 0}"
319523429,6353,QUIC_SESSION_UNAUTHENTICATED_PACKET_HEADER_RECEIVED,10,QUIC_SESSION,"{""params"": {""connection_id"": ""0"", ""header_format"": ""GOOGLE_QUIC_PACKET"", ""packet_number"": 27, ""reset_flag"": 0, ""version_flag"": 0}, ""phase"": 0}"
319523429,6353,QUIC_SESSION_STREAM_FRAME_RECEIVED,10,QUIC_SESSION,"{""params"": {""fin"": false, ""length"": 1233, ""offset"": 16017, ""stream_id"": 5}, ""phase"": 0}"
319523429,6353,QUIC_SESSION_ACK_FRAME_SENT,10,QUIC_SESSION,"{""params"": {""delta_time_largest_observed_us"": 1059, ""largest_observed"": 27, ""missing_packets"": [], ""received_packet_times"": []}, ""phase"": 0}"
319523430,6354,QUIC_SESSION_PACKET_SENT,10,QUIC_SESSION,"{""params"": {""encryption_level"": ""ENCRYPTION_FORWARD_SECURE"", ""packet_number"": 22, ""sent_time_us"": 319523430330, ""size"": 28, ""transmission_type"": ""NOT_RETRANSMISSION""}, ""phase"": 0}"
319523433,6357,QUIC_SESSION_PACKET_RECEIVED,10,QUIC_SESSION,"{""params"": {""peer_address"": ""10.0.228.164:443"", ""self_address"": ""172.19.19.121:44893"", ""size"": 1252}, ""phase"": 0}"
319523433,6357,QUIC_SESSION_UNAUTHENTICATED_PACKET_HEADER_RECEIVED,10,QUIC_SESSION,"{""params"": {""connection_id"": ""0"", ""header_format"": ""GOOGLE_QUIC_PACKET"", ""packet_number"": 28, ""reset_flag"": 0, ""version_flag"": 0}, ""phase"": 0}"
319523434,6358,QUIC_SESSION_STREAM_FRAME_RECEIVED,10,QUIC_SESSION,"{""params"": {""fin"": false, ""length"": 1233, ""offset"": 17250, ""stream_id"": 5}, ""phase"": 0}"
319523434,6358,QUIC_SESSION_PACKET_RECEIVED,10,QUIC_SESSION,"{""params"": {""peer_address"": ""10.0.228.164:443"", ""self_address"": ""172.19.19.121:44893"", ""size"": 1252}, ""phase"": 0}"
319523435,6359,QUIC_SESSION_UNAUTHENTICATED_PACKET_HEADER_RECEIVED,10,QUIC_SESSION,"{""params"": {""connection_id"": ""0"", ""header_format"": ""GOOGLE_QUIC_PACKET"", ""packet_number"": 29, ""reset_flag"": 0, ""version_flag"": 0}, ""phase"": 0}"
319523437,6361,QUIC_SESSION_STREAM_FRAME_RECEIVED,10,QUIC_SESSION,"{""params"": {""fin"": false, ""length"": 1233, ""offset"": 18483, ""stream_id"": 5}, ""phase"": 0}"
319523437,6361,QUIC_SESSION_ACK_FRAME_SENT,10,QUIC_SESSION,"{""params"": {""delta_time_largest_observed_us"": 2587, ""largest_observed"": 29, ""missing_packets"": [], ""received_packet_times"": []}, ""phase"": 0}"
319523437,6361,QUIC_SESSION_PACKET_SENT,10,QUIC_SESSION,"{""params"": {""encryption_level"": ""ENCRYPTION_FORWARD_SECURE"", ""packet_number"": 23, ""sent_time_us"": 319523437494, ""size"": 28, ""transmission_type"": ""NOT_RETRANSMISSION""}, ""phase"": 0}"
319523439,6363,QUIC_SESSION_PACKET_RECEIVED,10,QUIC_SESSION,"{""params"": {""peer_address"": ""10.0.228.164:443"", ""self_address"": ""172.19.19.121:44893"", ""size"": 1252}, ""phase"": 0}"
319523439,6363,QUIC_SESSION_UNAUTHENTICATED_PACKET_HEADER_RECEIVED,10,QUIC_SESSION,"{""params"": {""connection_id"": ""0"", ""header_format"": ""GOOGLE_QUIC_PACKET"", ""packet_number"": 30, ""reset_flag"": 0, ""version_flag"": 0}, ""phase"": 0}"
319523441,6365,QUIC_SESSION_STREAM_FRAME_RECEIVED,10,QUIC_SESSION,"{""params"": {""fin"": false, ""length"": 1233, ""offset"": 19716, ""stream_id"": 5}, ""phase"": 0}"
319523441,6365,QUIC_SESSION_PACKET_RECEIVED,10,QUIC_SESSION,"{""params"": {""peer_address"": ""10.0.228.164:443"", ""self_address"": ""172.19.19.121:44893"", ""size"": 1252}, ""phase"": 0}"
319523441,6365,QUIC_SESSION_UNAUTHENTICATED_PACKET_HEADER_RECEIVED,10,QUIC_SESSION,"{""params"": {""connection_id"": ""0"", ""header_format"": ""GOOGLE_QUIC_PACKET"", ""packet_number"": 31, ""reset_flag"": 0, ""version_flag"": 0}, ""phase"": 0}"
319523441,6365,QUIC_SESSION_STREAM_FRAME_RECEIVED,10,QUIC_SESSION,"{""params"": {""fin"": false, ""length"": 1233, ""offset"": 20949, ""stream_id"": 5}, ""phase"": 0}"
319523441,6365,QUIC_SESSION_ACK_FRAME_SENT,10,QUIC_SESSION,"{""params"": {""delta_time_largest_observed_us"": 368, ""largest_observed"": 31, ""missing_packets"": [], ""received_packet_times"": []}, ""phase"": 0}"
319523442,6366,QUIC_SESSION_PACKET_SENT,10,QUIC_SESSION,"{""params"": {""encryption_level"": ""ENCRYPTION_FORWARD_SECURE"", ""packet_number"": 24, ""sent_time_us"": 319523442052, ""size"": 28, ""transmission_type"": ""NOT_RETRANSMISSION""}, ""phase"": 0}"
319523442,6366,QUIC_SESSION_PACKET_RECEIVED,10,QUIC_SESSION,"{""params"": {""peer_address"": ""10.0.228.164:443"", ""self_address"": ""172.19.19.121:44893"", ""size"": 1252}, ""phase"": 0}"
319523442,6366,QUIC_SESSION_UNAUTHENTICATED_PACKET_HEADER_RECEIVED,10,QUIC_SESSION,"{""params"": {""connection_id"": ""0"", ""header_format"": ""GOOGLE_QUIC_PACKET"", ""packet_number"": 32, ""reset_flag"": 0, ""version_flag"": 0}, ""phase"": 0}"
319523442,6366,QUIC_SESSION_STREAM_FRAME_RECEIVED,10,QUIC_SESSION,"{""params"": {""fin"": false, ""length"": 1233, ""offset"": 22182, ""stream_id"": 5}, ""phase"": 0}"
319523445,6369,QUIC_SESSION_PACKET_RECEIVED,10,QUIC_SESSION,"{""params"": {""peer_address"": ""10.0.228.164:443"", ""self_address"": ""172.19.19.121:44893"", ""size"": 1252}, ""phase"": 0}"
319523445,6369,QUIC_SESSION_UNAUTHENTICATED_PACKET_HEADER_RECEIVED,10,QUIC_SESSION,"{""params"": {""connection_id"": ""0"", ""header_format"": ""GOOGLE_QUIC_PACKET"", ""packet_number"": 33, ""reset_flag"": 0, ""version_flag"": 0}, ""phase"": 0}"
319523445,6369,QUIC_SESSION_STREAM_FRAME_RECEIVED,10,QUIC_SESSION,"{""params"": {""fin"": false, ""length"": 1233, ""offset"": 23415, ""stream_id"": 5}, ""phase"": 0}"
319523446,6370,QUIC_SESSION_ACK_FRAME_SENT,10,QUIC_SESSION,"{""params"": {""delta_time_largest_observed_us"": 399, ""largest_observed"": 33, ""missing_packets"": [], ""received_packet_times"": []}, ""phase"": 0}"
319523446,6370,QUIC_SESSION_PACKET_SENT,10,QUIC_SESSION,"{""params"": {""encryption_level"": ""ENCRYPTION_FORWARD_SECURE"", ""packet_number"": 25, ""sent_time_us"": 319523446118, ""size"": 28, ""transmission_type"": ""NOT_RETRANSMISSION""}, ""phase"": 0}"
319523451,6375,QUIC_SESSION_PACKET_RECEIVED,10,QUIC_SESSION,"{""params"": {""peer_address"": ""10.0.228.164:443"", ""self_address"": ""172.19.19.121:44893"", ""size"": 1252}, ""phase"": 0}"
319523451,6375,QUIC_SESSION_UNAUTHENTICATED_PACKET_HEADER_RECEIVED,10,QUIC_SESSION,"{""params"": {""connection_id"": ""0"", ""header_format"": ""GOOGLE_QUIC_PACKET"", ""packet_number"": 34, ""reset_flag"": 0, ""version_flag"": 0}, ""phase"": 0}"
319523451,6375,QUIC_SESSION_STREAM_FRAME_RECEIVED,10,QUIC_SESSION,"{""params"": {""fin"": false, ""length"": 1233, ""offset"": 24648, ""stream_id"": 5}, ""phase"": 0}"
319523452,6376,QUIC_SESSION_PACKET_RECEIVED,10,QUIC_SESSION,"{""params"": {""peer_address"": ""10.0.228.164:443"", ""self_address"": ""172.19.19.121:44893"", ""size"": 1252}, ""phase"": 0}"
319523452,6376,QUIC_SESSION_UNAUTHENTICATED_PACKET_HEADER_RECEIVED,10,QUIC_SESSION,"{""params"": {""connection_id"": ""0"", ""header_format"": ""GOOGLE_QUIC_PACKET"", ""packet_number"": 35, ""reset_flag"": 0, ""version_flag"": 0}, ""phase"": 0}"
319523454,6378,QUIC_SESSION_STREAM_FRAME_RECEIVED,10,QUIC_SESSION,"{""params"": {""fin"": false, ""length"": 1233, ""offset"": 25881, ""stream_id"": 5}, ""phase"": 0}"
319523454,6378,QUIC_SESSION_ACK_FRAME_SENT,10,QUIC_SESSION,"{""params"": {""delta_time_largest_observed_us"": 2067, ""largest_observed"": 35, ""missing_packets"": [], ""received_packet_times"": []}, ""phase"": 0}"
319523454,6378,QUIC_SESSION_PACKET_SENT,10,QUIC_SESSION,"{""params"": {""encryption_level"": ""ENCRYPTION_FORWARD_SECURE"", ""packet_number"": 26, ""sent_time_us"": 319523454690, ""size"": 28, ""transmission_type"": ""NOT_RETRANSMISSION""}, ""phase"": 0}"
319523456,6380,QUIC_SESSION_PACKET_RECEIVED,10,QUIC_SESSION,"{""params"": {""peer_address"": ""10.0.228.164:443"", ""self_address"": ""172.19.19.121:44893"", ""size"": 1252}, ""phase"": 0}"
319523456,6380,QUIC_SESSION_UNAUTHENTICATED_PACKET_HEADER_RECEIVED,10,QUIC_SESSION,"{""params"": {""connection_id"": ""0"", ""header_format"": ""GOOGLE_QUIC_PACKET"", ""packet_number"": 36, ""reset_flag"": 0, ""version_flag"": 0}, ""phase"": 0}"
319523457,6381,QUIC_SESSION_STREAM_FRAME_RECEIVED,10,QUIC_SESSION,"{""params"": {""fin"": false, ""length"": 1233, ""offset"": 27114, ""stream_id"": 5}, ""phase"": 0}"
319523458,6382,QUIC_SESSION_PACKET_RECEIVED,10,QUIC_SESSION,"{""params"": {""peer_address"": ""10.0.228.164:443"", ""self_address"": ""172.19.19.121:44893"", ""size"": 1252}, ""phase"": 0}"
319523458,6382,QUIC_SESSION_UNAUTHENTICATED_PACKET_HEADER_RECEIVED,10,QUIC_SESSION,"{""params"": {""connection_id"": ""0"", ""header_format"": ""GOOGLE_QUIC_PACKET"", ""packet_number"": 37, ""reset_flag"": 0, ""version_flag"": 0}, ""phase"": 0}"
319523458,6382,QUIC_SESSION_STREAM_FRAME_RECEIVED,10,QUIC_SESSION,"{""params"": {""fin"": false, ""length"": 1233, ""offset"": 28347, ""stream_id"": 5}, ""phase"": 0}"
319523458,6382,QUIC_SESSION_ACK_FRAME_SENT,10,QUIC_SESSION,"{""params"": {""delta_time_largest_observed_us"": 349, ""largest_observed"": 37, ""missing_packets"": [], ""received_packet_times"": []}, ""phase"": 0}"
319523458,6382,QUIC_SESSION_PACKET_SENT,10,QUIC_SESSION,"{""params"": {""encryption_level"": ""ENCRYPTION_FORWARD_SECURE"", ""packet_number"": 27, ""sent_time_us"": 319523458589, ""size"": 28, ""transmission_type"": ""NOT_RETRANSMISSION""}, ""phase"": 0}"
319523459,6383,QUIC_SESSION_PACKET_RECEIVED,10,QUIC_SESSION,"{""params"": {""peer_address"": ""10.0.228.164:443"", ""self_address"": ""172.19.19.121:44893"", ""size"": 1252}, ""phase"": 0}"
319523459,6383,QUIC_SESSION_UNAUTHENTICATED_PACKET_HEADER_RECEIVED,10,QUIC_SESSION,"{""params"": {""connection_id"": ""0"", ""header_format"": ""GOOGLE_QUIC_PACKET"", ""packet_number"": 38, ""reset_flag"": 0, ""version_flag"": 0}, ""phase"": 0}"
319523459,6383,QUIC_SESSION_STREAM_FRAME_RECEIVED,10,QUIC_SESSION,"{""params"": {""fin"": false, ""length"": 1233, ""offset"": 29580, ""stream_id"": 5}, ""phase"": 0}"
319523459,6383,QUIC_SESSION_PACKET_RECEIVED,10,QUIC_SESSION,"{""params"": {""peer_address"": ""10.0.228.164:443"", ""self_address"": ""172.19.19.121:44893"", ""size"": 1252}, ""phase"": 0}"
319523459,6383,QUIC_SESSION_UNAUTHENTICATED_PACKET_HEADER_RECEIVED,10,QUIC_SESSION,"{""params"": {""connection_id"": ""0"", ""header_format"": ""GOOGLE_QUIC_PACKET"", ""packet_number"": 39, ""reset_flag"": 0, ""version_flag"": 0}, ""phase"": 0}"
319523459,6383,QUIC_SESSION_STREAM_FRAME_RECEIVED,10,QUIC_SESSION,"{""params"": {""fin"": false, ""length"": 1233, ""offset"": 30813, ""stream_id"": 5}, ""phase"": 0}"
319523460,6384,QUIC_SESSION_ACK_FRAME_SENT,10,QUIC_SESSION,"{""params"": {""delta_time_largest_observed_us"": 643, ""largest_observed"": 39, ""missing_packets"": [], ""received_packet_times"": []}, ""phase"": 0}"
319523460,6384,QUIC_SESSION_PACKET_SENT,10,QUIC_SESSION,"{""params"": {""encryption_level"": ""ENCRYPTION_FORWARD_SECURE"", ""packet_number"": 28, ""sent_time_us"": 319523460436, ""size"": 28, ""transmission_type"": ""NOT_RETRANSMISSION""}, ""phase"": 0}"
319523463,6387,QUIC_SESSION_PACKET_RECEIVED,10,QUIC_SESSION,"{""params"": {""peer_address"": ""10.0.228.164:443"", ""self_address"": ""172.19.19.121:44893"", ""size"": 741}, ""phase"": 0}"
319523464,6388,QUIC_SESSION_UNAUTHENTICATED_PACKET_HEADER_RECEIVED,10,QUIC_SESSION,"{""params"": {""connection_id"": ""0"", ""header_format"": ""GOOGLE_QUIC_PACKET"", ""packet_number"": 40, ""reset_flag"": 0, ""version_flag"": 0}, ""phase"": 0}"
319523464,6388,QUIC_SESSION_STREAM_FRAME_RECEIVED,10,QUIC_SESSION,"{""params"": {""fin"": false, ""length"": 722, ""offset"": 32046, ""stream_id"": 5}, ""phase"": 0}"
319523465,6389,QUIC_SESSION_PACKET_RECEIVED,10,QUIC_SESSION,"{""params"": {""peer_address"": ""10.0.228.164:443"", ""self_address"": ""172.19.19.121:44893"", ""size"": 1252}, ""phase"": 0}"
319523465,6389,QUIC_SESSION_UNAUTHENTICATED_PACKET_HEADER_RECEIVED,10,QUIC_SESSION,"{""params"": {""connection_id"": ""0"", ""header_format"": ""GOOGLE_QUIC_PACKET"", ""packet_number"": 41, ""reset_flag"": 0, ""version_flag"": 0}, ""phase"": 0}"
319523465,6389,QUIC_SESSION_STREAM_FRAME_RECEIVED,10,QUIC_SESSION,"{""params"": {""fin"": false, ""length"": 1233, ""offset"": 32768, ""stream_id"": 5}, ""phase"": 0}"
319523465,6389,QUIC_SESSION_ACK_FRAME_SENT,10,QUIC_SESSION,"{""params"": {""delta_time_largest_observed_us"": 572, ""largest_observed"": 41, ""missing_packets"": [], ""received_packet_times"": []}, ""phase"": 0}"
319523466,6390,QUIC_SESSION_PACKET_SENT,10,QUIC_SESSION,"{""params"": {""encryption_level"": ""ENCRYPTION_FORWARD_SECURE"", ""packet_number"": 29, ""sent_time_us"": 319523465848, ""size"": 28, ""transmission_type"": ""NOT_RETRANSMISSION""}, ""phase"": 0}"
319523466,6390,QUIC_SESSION_PACKET_RECEIVED,10,QUIC_SESSION,"{""params"": {""peer_address"": ""10.0.228.164:443"", ""self_address"": ""172.19.19.121:44893"", ""size"": 1252}, ""phase"": 0}"
319523466,6390,QUIC_SESSION_UNAUTHENTICATED_PACKET_HEADER_RECEIVED,10,QUIC_SESSION,"{""params"": {""connection_id"": ""0"", ""header_format"": ""GOOGLE_QUIC_PACKET"", ""packet_number"": 42, ""reset_flag"": 0, ""version_flag"": 0}, ""phase"": 0}"
319523467,6391,QUIC_SESSION_STREAM_FRAME_RECEIVED,10,QUIC_SESSION,"{""params"": {""fin"": false, ""length"": 1233, ""offset"": 34001, ""stream_id"": 5}, ""phase"": 0}"
319523469,6393,QUIC_SESSION_PACKET_RECEIVED,10,QUIC_SESSION,"{""params"": {""peer_address"": ""10.0.228.164:443"", ""self_address"": ""172.19.19.121:44893"", ""size"": 1252}, ""phase"": 0}"
319523469,6393,QUIC_SESSION_UNAUTHENTICATED_PACKET_HEADER_RECEIVED,10,QUIC_SESSION,"{""params"": {""connection_id"": ""0"", ""header_format"": ""GOOGLE_QUIC_PACKET"", ""packet_number"": 43, ""reset_flag"": 0, ""version_flag"": 0}, ""phase"": 0}"
319523469,6393,QUIC_SESSION_STREAM_FRAME_RECEIVED,10,QUIC_SESSION,"{""params"": {""fin"": false, ""length"": 1233, ""offset"": 35234, ""stream_id"": 5}, ""phase"": 0}"
319523470,6394,QUIC_SESSION_ACK_FRAME_SENT,10,QUIC_SESSION,"{""params"": {""delta_time_largest_observed_us"": 567, ""largest_observed"": 43, ""missing_packets"": [], ""received_packet_times"": []}, ""phase"": 0}"
319523472,6396,QUIC_SESSION_PACKET_SENT,10,QUIC_SESSION,"{""params"": {""encryption_level"": ""ENCRYPTION_FORWARD_SECURE"", ""packet_number"": 30, ""sent_time_us"": 319523471878, ""size"": 28, ""transmission_type"": ""NOT_RETRANSMISSION""}, ""phase"": 0}"
319523473,6397,QUIC_SESSION_PACKET_RECEIVED,10,QUIC_SESSION,"{""params"": {""peer_address"": ""10.0.228.164:443"", ""self_address"": ""172.19.19.121:44893"", ""size"": 1252}, ""phase"": 0}"
319523473,6397,QUIC_SESSION_UNAUTHENTICATED_PACKET_HEADER_RECEIVED,10,QUIC_SESSION,"{""params"": {""connection_id"": ""0"", ""header_format"": ""GOOGLE_QUIC_PACKET"", ""packet_number"": 44, ""reset_flag"": 0, ""version_flag"": 0}, ""phase"": 0}"
319523473,6397,QUIC_SESSION_STREAM_FRAME_RECEIVED,10,QUIC_SESSION,"{""params"": {""fin"": false, ""length"": 1233, ""offset"": 36467, ""stream_id"": 5}, ""phase"": 0}"
319523474,6398,QUIC_SESSION_PACKET_RECEIVED,10,QUIC_SESSION,"{""params"": {""peer_address"": ""10.0.228.164:443"", ""self_address"": ""172.19.19.121:44893"", ""size"": 945}, ""phase"": 0}"
319523474,6398,QUIC_SESSION_UNAUTHENTICATED_PACKET_HEADER_RECEIVED,10,QUIC_SESSION,"{""params"": {""connection_id"": ""0"", ""header_format"": ""GOOGLE_QUIC_PACKET"", ""packet_number"": 45, ""reset_flag"": 0, ""version_flag"": 0}, ""phase"": 0}"
319523474,6398,QUIC_SESSION_STREAM_FRAME_RECEIVED,10,QUIC_SESSION,"{""params"": {""fin"": false, ""length"": 926, ""offset"": 37700, ""stream_id"": 5}, ""phase"": 0}"
319523474,6398,QUIC_SESSION_ACK_FRAME_SENT,10,QUIC_SESSION,"{""params"": {""delta_time_largest_observed_us"": 470, ""largest_observed"": 45, ""missing_packets"": [], ""received_packet_times"": []}, ""phase"": 0}"
319523474,6398,QUIC_SESSION_PACKET_SENT,10,QUIC_SESSION,"{""params"": {""encryption_level"": ""ENCRYPTION_FORWARD_SECURE"", ""packet_number"": 31, ""sent_time_us"": 319523474767, ""size"": 28, ""transmission_type"": ""NOT_RETRANSMISSION""}, ""phase"": 0}"
319523478,6402,QUIC_SESSION_PACKET_RECEIVED,10,QUIC_SESSION,"{""params"": {""peer_address"": ""10.0.228.164:443"", ""self_address"": ""172.19.19.121:44893"", ""size"": 19}, ""phase"": 0}"
319523478,6402,QUIC_SESSION_UNAUTHENTICATED_PACKET_HEADER_RECEIVED,10,QUIC_SESSION,"{""params"": {""connection_id"": ""0"", ""header_format"": ""GOOGLE_QUIC_PACKET"", ""packet_number"": 46, ""reset_flag"": 0, ""version_flag"": 0}, ""phase"": 0}"
319523479,6403,QUIC_SESSION_STREAM_FRAME_RECEIVED,10,QUIC_SESSION,"{""params"": {""fin"": true, ""length"": 0, ""offset"": 38626, ""stream_id"": 5}, ""phase"": 0}"
319523480,6404,QUIC_SESSION_PACKET_RECEIVED,10,QUIC_SESSION,"{""params"": {""peer_address"": ""10.0.228.164:443"", ""self_address"": ""172.19.19.121:44893"", ""size"": 205}, ""phase"": 0}"
319523480,6404,QUIC_SESSION_UNAUTHENTICATED_PACKET_HEADER_RECEIVED,10,QUIC_SESSION,"{""params"": {""connection_id"": ""0"", ""header_format"": ""GOOGLE_QUIC_PACKET"", ""packet_number"": 47, ""reset_flag"": 0, ""version_flag"": 0}, ""phase"": 0}"
319523480,6404,QUIC_SESSION_STREAM_FRAME_RECEIVED,10,QUIC_SESSION,"{""params"": {""fin"": false, ""length"": 185, ""offset"": 0, ""stream_id"": 3}, ""phase"": 0}"
319523480,6404,QUIC_SESSION_ACK_FRAME_SENT,10,QUIC_SESSION,"{""params"": {""delta_time_largest_observed_us"": 513, ""largest_observed"": 47, ""missing_packets"": [], ""received_packet_times"": []}, ""phase"": 0}"
319523481,6405,QUIC_SESSION_PACKET_SENT,10,QUIC_SESSION,"{""params"": {""encryption_level"": ""ENCRYPTION_FORWARD_SECURE"", ""packet_number"": 32, ""sent_time_us"": 319523481172, ""size"": 28, ""transmission_type"": ""NOT_RETRANSMISSION""}, ""phase"": 0}"
319538223,21147,QUIC_SESSION_PING_FRAME_SENT,10,QUIC_SESSION,"{""phase"": 0}"
319538224,21148,QUIC_SESSION_PACKET_SENT,10,QUIC_SESSION,"{""params"": {""encryption_level"": ""ENCRYPTION_FORWARD_SECURE"", ""packet_number"": 33, ""sent_time_us"": 319538223333, ""size"": 23, ""transmission_type"": ""NOT_RETRANSMISSION""}, ""phase"": 0}"
319538266,21190,QUIC_SESSION_PACKET_RECEIVED,10,QUIC_SESSION,"{""params"": {""peer_address"": ""10.0.228.164:443"", ""self_address"": ""172.19.19.121:44893"", ""size"": 24}, ""phase"": 0}"
319538267,21191,QUIC_SESSION_UNAUTHENTICATED_PACKET_HEADER_RECEIVED,10,QUIC_SESSION,"{""params"": {""connection_id"": ""0"", ""header_format"": ""GOOGLE_QUIC_PACKET"", ""packet_number"": 48, ""reset_flag"": 0, ""version_flag"": 0}, ""phase"": 0}"
319538267,21191,QUIC_SESSION_ACK_FRAME_RECEIVED,10,QUIC_SESSION,"{""params"": {""delta_time_largest_observed_us"": 25176, ""largest_observed"": 33, ""missing_packets"": [10], ""received_packet_times"": []}, ""phase"": 0}"
319567343,50267,QUIC_SESSION_ACK_FRAME_SENT,10,QUIC_SESSION,"{""params"": {""delta_time_largest_observed_us"": 29076593, ""largest_observed"": 48, ""missing_packets"": [], ""received_packet_times"": []}, ""phase"": 0}"
319567343,50267,QUIC_SESSION_CONNECTION_CLOSE_FRAME_SENT,10,QUIC_SESSION,"{""params"": {""details"": ""No recent network activity."", ""quic_error"": 25}, ""phase"": 0}"
319567346,50270,QUIC_SESSION_PACKET_SENT,10,QUIC_SESSION,"{""params"": {""encryption_level"": ""ENCRYPTION_FORWARD_SECURE"", ""packet_number"": 34, ""sent_time_us"": 319567343872, ""size"": 62, ""transmission_type"": ""NOT_RETRANSMISSION""}, ""phase"": 0}"
319567347,50271,QUIC_SESSION_CLOSED,10,QUIC_SESSION,"{""params"": {""details"": ""No recent network activity."", ""from_peer"": false, ""quic_error"": 25}, ""phase"": 0}"
319567352,50276,QUIC_SESSION_CLOSED,10,QUIC_SESSION,"{""params"": {""details"": ""No recent network activity."", ""from_peer"": false, ""quic_error"": 25}, ""phase"": 0}"
319567353,50277,QUIC_SESSION,10,QUIC_SESSION,"{""phase"": 2}"
