322846681,8215,QUIC_SESSION_STREAM_FRAME_SENT,9,QUIC_SESSION,"{""params"": {""fin"": false, ""length"": 1024, ""offset"": 0, ""stream_id"": 1}, ""phase"": 0}"
322846682,8216,QUIC_SESSION_PACKET_SENT,9,QUIC_SESSION,"{""params"": {""encryption_level"": ""ENCRYPTION_INITIAL"", ""packet_number"": 1, ""sent_time_us"": 322846681860, ""size"": 1350, ""transmission_type"": ""NOT_RETRANSMISSION""}, ""phase"": 0}"
322846833,8367,QUIC_SESSION_STREAM_FRAME_SENT,9,QUIC_SESSION,"{""params"": {""fin"": false, ""length"": 1024, ""offset"": 0, ""stream_id"": 1}, ""phase"": 0}"
322846835,8369,QUIC_SESSION_PACKET_SENT,9,QUIC_SESSION,"{""params"": {""encryption_level"": ""ENCRYPTION_INITIAL"", ""packet_number"": 2, ""sent_time_us"": 322846833413, ""size"": 1350, ""transmission_type"": ""HANDSHAKE_RETRANSMISSION""}, ""phase"": 0}"
322847134,8668,QUIC_SESSION_STREAM_FRAME_SENT,9,QUIC_SESSION,"{""params"": {""fin"": false, ""length"": 1024, ""offset"": 0, ""stream_id"": 1}, ""phase"": 0}"
322847135,8669,QUIC_SESSION_PACKET_SENT,9,QUIC_SESSION,"{""params"": {""encryption_level"": ""ENCRYPTION_INITIAL"", ""packet_number"": 3, ""sent_time_us"": 322847135383, ""size"": 1350, ""transmission_type"": ""HANDSHAKE_RETRANSMISSION""}, ""phase"": 0}"
322847323,8857,QUIC_SESSION_PACKET_RECEIVED,9,QUIC_SESSION,"{""params"": {""peer_address"": ""10.0.228.164:443"", ""self_address"": ""172.19.19.121:45998"", ""size"": 270}, ""phase"": 0}"
322847324,8858,QUIC_SESSION_UNAUTHENTICATED_PACKET_HEADER_RECEIVED,9,QUIC_SESSION,"{""params"": {""connection_id"": ""0"", ""header_format"": ""GOOGLE_QUIC_PACKET"", ""packet_number"": 1, ""reset_flag"": 0, ""version_flag"": 0}, ""phase"": 0}"
322847326,8860,QUIC_SESSION_STREAM_FRAME_RECEIVED,9,QUIC_SESSION,"{""params"": {""fin"": false, ""length"": 245, ""offset"": 0, ""stream_id"": 1}, ""phase"": 0}"
322847330,8864,QUIC_SESSION_STREAM_FRAME_SENT,9,QUIC_SESSION,"{""params"": {""fin"": false, ""length"": 1024, ""offset"": 1024, ""stream_id"": 1}, ""phase"": 0}"
322847335,8869,QUIC_SESSION_PACKET_SENT,9,QUIC_SESSION,"{""params"": {""encryption_level"": ""ENCRYPTION_INITIAL"", ""packet_number"": 4, ""sent_time_us"": 322847333851, ""size"": 1350, ""transmission_type"": ""NOT_RETRANSMISSION""}, ""phase"": 0}"
322847336,8870,QUIC_SESSION_PACKET_RECEIVED,9,QUIC_SESSION,"{""params"": {""peer_address"": ""10.0.228.164:443"", ""self_address"": ""172.19.19.121:45998"", ""size"": 29}, ""phase"": 0}"
322847336,8870,QUIC_SESSION_UNAUTHENTICATED_PACKET_HEADER_RECEIVED,9,QUIC_SESSION,"{""params"": {""connection_id"": ""0"", ""header_format"": ""GOOGLE_QUIC_PACKET"", ""packet_number"": 2, ""reset_flag"": 0, ""version_flag"": 0}, ""phase"": 0}"
322847337,8871,QUIC_SESSION_ACK_FRAME_RECEIVED,9,QUIC_SESSION,"{""params"": {""delta_time_largest_observed_us"": 2192, ""largest_observed"": 1, ""missing_packets"": [], ""received_packet_times"": []}, ""phase"": 0}"
322847350,8884,QUIC_SESSION_PACKET_RECEIVED,9,QUIC_SESSION,"{""params"": {""peer_address"": ""10.0.228.164:443"", ""self_address"": ""172.19.19.121:45998"", ""size"": 32}, ""phase"": 0}"
322847351,8885,QUIC_SESSION_UNAUTHENTICATED_PACKET_HEADER_RECEIVED,9,QUIC_SESSION,"{""params"": {""connection_id"": ""0"", ""header_format"": ""GOOGLE_QUIC_PACKET"", ""packet_number"": 3, ""reset_flag"": 0, ""version_flag"": 0}, ""phase"": 0}"
322847351,8885,QUIC_SESSION_ACK_FRAME_RECEIVED,9,QUIC_SESSION,"{""params"": {""delta_time_largest_observed_us"": 48, ""largest_observed"": 3, ""missing_packets"": [], ""received_packet_times"": []}, ""phase"": 0}"
322847354,8888,QUIC_SESSION_PACKET_RECEIVED,9,QUIC_SESSION,"{""params"": {""peer_address"": ""10.0.228.164:443"", ""self_address"": ""172.19.19.121:45998"", ""size"": 32}, ""phase"": 0}"
322847356,8890,QUIC_SESSION_UNAUTHENTICATED_PACKET_HEADER_RECEIVED,9,QUIC_SESSION,"{""params"": {""connection_id"": ""0"", ""header_format"": ""GOOGLE_QUIC_PACKET"", ""packet_number"": 4, ""reset_flag"": 0, ""version_flag"": 0}, ""phase"": 0}"
322847356,8890,QUIC_SESSION_ACK_FRAME_RECEIVED,9,QUIC_SESSION,"{""params"": {""delta_time_largest_observed_us"": 32, ""largest_observed"": 4, ""missing_packets"": [], ""received_packet_times"": []}, ""phase"": 0}"
322847360,8894,QUIC_SESSION_PACKET_RECEIVED,9,QUIC_SESSION,"{""params"": {""peer_address"": ""10.0.228.164:443"", ""self_address"": ""172.19.19.121:45998"", ""size"": 1200}, ""phase"": 0}"
322847361,8895,QUIC_SESSION_UNAUTHENTICATED_PACKET_HEADER_RECEIVED,9,QUIC_SESSION,"{""params"": {""connection_id"": ""0"", ""header_format"": ""GOOGLE_QUIC_PACKET"", ""packet_number"": 5, ""reset_flag"": 0, ""version_flag"": 0}, ""phase"": 0}"
322847361,8895,QUIC_SESSION_STREAM_FRAME_RECEIVED,9,QUIC_SESSION,"{""params"": {""fin"": false, ""length"": 1173, ""offset"": 245, ""stream_id"": 1}, ""phase"": 0}"
322847361,8895,QUIC_SESSION_ACK_FRAME_SENT,9,QUIC_SESSION,"{""params"": {""delta_time_largest_observed_us"": 758, ""largest_observed"": 5, ""missing_packets"": [], ""received_packet_times"": []}, ""phase"": 0}"
322847362,8896,QUIC_SESSION_PACKET_SENT,9,QUIC_SESSION,"{""params"": {""encryption_level"": ""ENCRYPTION_INITIAL"", ""packet_number"": 5, ""sent_time_us"": 322847361753, ""size"": 28, ""transmission_type"": ""NOT_RETRANSMISSION""}, ""phase"": 0}"
322847362,8896,QUIC_SESSION_PACKET_RECEIVED,9,QUIC_SESSION,"{""params"": {""peer_address"": ""10.0.228.164:443"", ""self_address"": ""172.19.19.121:45998"", ""size"": 1200}, ""phase"": 0}"
322847362,8896,QUIC_SESSION_UNAUTHENTICATED_PACKET_HEADER_RECEIVED,9,QUIC_SESSION,"{""params"": {""connection_id"": ""0"", ""header_format"": ""GOOGLE_QUIC_PACKET"", ""packet_number"": 6, ""reset_flag"": 0, ""version_flag"": 0}, ""phase"": 0}"
322847365,8899,QUIC_SESSION_STREAM_FRAME_RECEIVED,9,QUIC_SESSION,"{""params"": {""fin"": false, ""length"": 1173, ""offset"": 1418, ""stream_id"": 1}, ""phase"": 0}"
322847366,8900,QUIC_SESSION_PACKET_RECEIVED,9,QUIC_SESSION,"{""params"": {""peer_address"": ""10.0.228.164:443"", ""self_address"": ""172.19.19.121:45998"", ""size"": 72}, ""phase"": 0}"
322847367,8901,QUIC_SESSION_UNAUTHENTICATED_PACKET_HEADER_RECEIVED,9,QUIC_SESSION,"{""params"": {""connection_id"": ""0"", ""header_format"": ""GOOGLE_QUIC_PACKET"", ""packet_number"": 7, ""reset_flag"": 0, ""version_flag"": 0}, ""phase"": 0}"
322847367,8901,QUIC_SESSION_STREAM_FRAME_RECEIVED,9,QUIC_SESSION,"{""params"": {""fin"": false, ""length"": 45, ""offset"": 2591, ""stream_id"": 1}, ""phase"": 0}"
322847381,8915,QUIC_SESSION_ACK_FRAME_SENT,9,QUIC_SESSION,"{""params"": {""delta_time_largest_observed_us"": 15467, ""largest_observed"": 7, ""missing_packets"": [], ""received_packet_times"": []}, ""phase"": 0}"
322847382,8916,QUIC_SESSION_PACKET_SENT,9,QUIC_SESSION,"{""params"": {""encryption_level"": ""ENCRYPTION_INITIAL"", ""packet_number"": 6, ""sent_time_us"": 322847381933, ""size"": 28, ""transmission_type"": ""NOT_RETRANSMISSION""}, ""phase"": 0}"
322847382,8916,QUIC_SESSION_PACKET_RECEIVED,9,QUIC_SESSION,"{""params"": {""peer_address"": ""10.0.228.164:443"", ""self_address"": ""172.19.19.121:45998"", ""size"": 1203}, ""phase"": 0}"
322847386,8920,QUIC_SESSION_UNAUTHENTICATED_PACKET_HEADER_RECEIVED,9,QUIC_SESSION,"{""params"": {""connection_id"": ""0"", ""header_format"": ""GOOGLE_QUIC_PACKET"", ""packet_number"": 8, ""reset_flag"": 0, ""version_flag"": 0}, ""phase"": 0}"
322847386,8920,QUIC_SESSION_STREAM_FRAME_RECEIVED,9,QUIC_SESSION,"{""params"": {""fin"": false, ""length"": 1173, ""offset"": 1418, ""stream_id"": 1}, ""phase"": 0}"
322847387,8921,QUIC_SESSION_PACKET_RECEIVED,9,QUIC_SESSION,"{""params"": {""peer_address"": ""10.0.228.164:443"", ""self_address"": ""172.19.19.121:45998"", ""size"": 75}, ""phase"": 0}"
322847387,8921,QUIC_SESSION_UNAUTHENTICATED_PACKET_HEADER_RECEIVED,9,QUIC_SESSION,"{""params"": {""connection_id"": ""0"", ""header_format"": ""GOOGLE_QUIC_PACKET"", ""packet_number"": 9, ""reset_flag"": 0, ""version_flag"": 0}, ""phase"": 0}"
322847387,8921,QUIC_SESSION_STREAM_FRAME_RECEIVED,9,QUIC_SESSION,"{""params"": {""fin"": false, ""length"": 45, ""offset"": 2591, ""stream_id"": 1}, ""phase"": 0}"
322847387,8921,QUIC_SESSION_ACK_FRAME_SENT,9,QUIC_SESSION,"{""params"": {""delta_time_largest_observed_us"": 342, ""largest_observed"": 9, ""missing_packets"": [], ""received_packet_times"": []}, ""phase"": 0}"
322847387,8921,QUIC_SESSION_PACKET_SENT,9,QUIC_SESSION,"{""params"": {""encryption_level"": ""ENCRYPTION_INITIAL"", ""packet_number"": 7, ""sent_time_us"": 322847387648, ""size"": 28, ""transmission_type"": ""NOT_RETRANSMISSION""}, ""phase"": 0}"
322847416,8950,QUIC_SESSION_PACKET_RECEIVED,9,QUIC_SESSION,"{""params"": {""peer_address"": ""10.0.228.164:443"", ""self_address"": ""172.19.19.121:45998"", ""size"": 1203}, ""phase"": 0}"
322847416,8950,QUIC_SESSION_UNAUTHENTICATED_PACKET_HEADER_RECEIVED,9,QUIC_SESSION,"{""params"": {""connection_id"": ""0"", ""header_format"": ""GOOGLE_QUIC_PACKET"", ""packet_number"": 10, ""reset_flag"": 0, ""version_flag"": 0}, ""phase"": 0}"
322847416,8950,QUIC_SESSION_STREAM_FRAME_RECEIVED,9,QUIC_SESSION,"{""params"": {""fin"": false, ""length"": 1173, ""offset"": 1418, ""stream_id"": 1}, ""phase"": 0}"
322847417,8951,QUIC_SESSION_PACKET_RECEIVED,9,QUIC_SESSION,"{""params"": {""peer_address"": ""10.0.228.164:443"", ""self_address"": ""172.19.19.121:45998"", ""size"": 75}, ""phase"": 0}"
322847417,8951,QUIC_SESSION_UNAUTHENTICATED_PACKET_HEADER_RECEIVED,9,QUIC_SESSION,"{""params"": {""connection_id"": ""0"", ""header_format"": ""GOOGLE_QUIC_PACKET"", ""packet_number"": 11, ""reset_flag"": 0, ""version_flag"": 0}, ""phase"": 0}"
322847417,8951,QUIC_SESSION_STREAM_FRAME_RECEIVED,9,QUIC_SESSION,"{""params"": {""fin"": false, ""length"": 45, ""offset"": 2591, ""stream_id"": 1}, ""phase"": 0}"
322847417,8951,QUIC_SESSION_ACK_FRAME_SENT,9,QUIC_SESSION,"{""params"": {""delta_time_largest_observed_us"": 457, ""largest_observed"": 11, ""missing_packets"": [], ""received_packet_times"": []}, ""phase"": 0}"
322847428,8962,QUIC_SESSION_PACKET_SENT,9,QUIC_SESSION,"{""params"": {""encryption_level"": ""ENCRYPTION_INITIAL"", ""packet_number"": 8, ""sent_time_us"": 322847417628, ""size"": 28, ""transmission_type"": ""NOT_RETRANSMISSION""}, ""phase"": 0}"
322847461,8995,QUIC_SESSION_STREAM_FRAME_SENT,9,QUIC_SESSION,"{""params"": {""fin"": false, ""length"": 1024, ""offset"": 2048, ""stream_id"": 1}, ""phase"": 0}"
322847461,8995,QUIC_SESSION_PACKET_SENT,9,QUIC_SESSION,"{""params"": {""encryption_level"": ""ENCRYPTION_INITIAL"", ""packet_number"": 9, ""sent_time_us"": 322847461646, ""size"": 1350, ""transmission_type"": ""NOT_RETRANSMISSION""}, ""phase"": 0}"
322847466,9000,QUIC_CHROMIUM_CLIENT_STREAM_SEND_REQUEST_HEADERS,9,QUIC_SESSION,"{""params"": {""headers"": ["":method: GET"", "":authority: info.snomile.ink"", "":scheme: https"", "":path: /server.log"", ""user-agent: com.startimes.cronet_localsample/1 (Linux; U; Android 6.0.1; zh_CN; SM-N9100; Build/MMB29M; Cronet/80.0.3956.0)"", ""accept-encoding: gzip, deflate""], ""quic_priority"": 1, ""quic_stream_id"": 5}, ""phase"": 0}"
322847467,9001,QUIC_SESSION_STREAM_FRAME_SENT,9,QUIC_SESSION,"{""params"": {""fin"": false, ""length"": 132, ""offset"": 0, ""stream_id"": 3}, ""phase"": 0}"
322847467,9001,QUIC_SESSION_PACKET_SENT,9,QUIC_SESSION,"{""params"": {""encryption_level"": ""ENCRYPTION_ZERO_RTT"", ""packet_number"": 10, ""sent_time_us"": 322847467610, ""size"": 156, ""transmission_type"": ""NOT_RETRANSMISSION""}, ""phase"": 0}"
322847491,9025,QUIC_SESSION_PACKET_RECEIVED,9,QUIC_SESSION,"{""params"": {""peer_address"": ""10.0.228.164:443"", ""self_address"": ""172.19.19.121:45998"", ""size"": 215}, ""phase"": 0}"
322847491,9025,QUIC_SESSION_UNAUTHENTICATED_PACKET_HEADER_RECEIVED,9,QUIC_SESSION,"{""params"": {""connection_id"": ""0"", ""header_format"": ""GOOGLE_QUIC_PACKET"", ""packet_number"": 12, ""reset_flag"": 0, ""version_flag"": 0}, ""phase"": 0}"
322847491,9025,QUIC_SESSION_STREAM_FRAME_RECEIVED,9,QUIC_SESSION,"{""params"": {""fin"": false, ""length"": 156, ""offset"": 2636, ""stream_id"": 1}, ""phase"": 0}"
322847492,9026,QUIC_SESSION_ACK_FRAME_SENT,9,QUIC_SESSION,"{""params"": {""delta_time_largest_observed_us"": 1076, ""largest_observed"": 12, ""missing_packets"": [], ""received_packet_times"": []}, ""phase"": 0}"
322847492,9026,QUIC_SESSION_PACKET_SENT,9,QUIC_SESSION,"{""params"": {""encryption_level"": ""ENCRYPTION_FORWARD_SECURE"", ""packet_number"": 11, ""sent_time_us"": 322847492168, ""size"": 28, ""transmission_type"": ""NOT_RETRANSMISSION""}, ""phase"": 0}"
322847513,9047,QUIC_SESSION_PACKET_RECEIVED,9,QUIC_SESSION,"{""params"": {""peer_address"": ""10.0.228.164:443"", ""self_address"": ""172.19.19.121:45998"", ""size"": 29}, ""phase"": 0}"
322847513,9047,QUIC_SESSION_UNAUTHENTICATED_PACKET_HEADER_RECEIVED,9,QUIC_SESSION,"{""params"": {""connection_id"": ""0"", ""header_format"": ""GOOGLE_QUIC_PACKET"", ""packet_number"": 13, ""reset_flag"": 0, ""version_flag"": 0}, ""phase"": 0}"
322847513,9047,QUIC_SESSION_ACK_FRAME_RECEIVED,9,QUIC_SESSION,"{""params"": {""delta_time_largest_observed_us"": 19112, ""largest_observed"": 11, ""missing_packets"": [10], ""received_packet_times"": []}, ""phase"": 0}"
322848129,9663,QUIC_SESSION_PACKET_LOST,9,QUIC_SESSION,"{""params"": {""detection_time_us"": 322848129005, ""packet_number"": 10, ""transmission_type"": ""LOSS_RETRANSMISSION""}, ""phase"": 0}"
322848129,9663,QUIC_SESSION_STREAM_FRAME_SENT,9,QUIC_SESSION,"{""params"": {""fin"": false, ""length"": 132, ""offset"": 0, ""stream_id"": 3}, ""phase"": 0}"
322848131,9665,QUIC_SESSION_PACKET_SENT,9,QUIC_SESSION,"{""params"": {""encryption_level"": ""ENCRYPTION_FORWARD_SECURE"", ""packet_number"": 12, ""sent_time_us"": 322848129995, ""size"": 156, ""transmission_type"": ""LOSS_RETRANSMISSION""}, ""phase"": 0}"
322848139,9673,QUIC_SESSION_PACKET_RECEIVED,9,QUIC_SESSION,"{""params"": {""peer_address"": ""10.0.228.164:443"", ""self_address"": ""172.19.19.121:45998"", ""size"": 213}, ""phase"": 0}"
322848140,9674,QUIC_SESSION_UNAUTHENTICATED_PACKET_HEADER_RECEIVED,9,QUIC_SESSION,"{""params"": {""connection_id"": ""0"", ""header_format"": ""GOOGLE_QUIC_PACKET"", ""packet_number"": 14, ""reset_flag"": 0, ""version_flag"": 0}, ""phase"": 0}"
322848141,9675,QUIC_SESSION_ACK_FRAME_RECEIVED,9,QUIC_SESSION,"{""params"": {""delta_time_largest_observed_us"": 1509, ""largest_observed"": 12, ""missing_packets"": [], ""received_packet_times"": []}, ""phase"": 0}"
322848141,9675,QUIC_SESSION_STREAM_FRAME_RECEIVED,9,QUIC_SESSION,"{""params"": {""fin"": false, ""length"": 185, ""offset"": 0, ""stream_id"": 3}, ""phase"": 0}"
322848145,9679,QUIC_SESSION_PACKET_RECEIVED,9,QUIC_SESSION,"{""params"": {""peer_address"": ""10.0.228.164:443"", ""self_address"": ""172.19.19.121:45998"", ""size"": 1252}, ""phase"": 0}"
322848146,9680,QUIC_SESSION_UNAUTHENTICATED_PACKET_HEADER_RECEIVED,9,QUIC_SESSION,"{""params"": {""connection_id"": ""0"", ""header_format"": ""GOOGLE_QUIC_PACKET"", ""packet_number"": 15, ""reset_flag"": 0, ""version_flag"": 0}, ""phase"": 0}"
322848146,9680,QUIC_SESSION_STREAM_FRAME_RECEIVED,9,QUIC_SESSION,"{""params"": {""fin"": false, ""length"": 1235, ""offset"": 0, ""stream_id"": 5}, ""phase"": 0}"
322848147,9681,QUIC_SESSION_ACK_FRAME_SENT,9,QUIC_SESSION,"{""params"": {""delta_time_largest_observed_us"": 1446, ""largest_observed"": 15, ""missing_packets"": [], ""received_packet_times"": []}, ""phase"": 0}"
322848148,9682,QUIC_SESSION_PACKET_SENT,9,QUIC_SESSION,"{""params"": {""encryption_level"": ""ENCRYPTION_FORWARD_SECURE"", ""packet_number"": 13, ""sent_time_us"": 322848147606, ""size"": 28, ""transmission_type"": ""NOT_RETRANSMISSION""}, ""phase"": 0}"
322848151,9685,QUIC_CHROMIUM_CLIENT_STREAM_READ_RESPONSE_HEADERS,9,QUIC_SESSION,"{""params"": {""fin"": false, ""headers"": ["":status: 200"", ""server: Caddy"", ""last-modified: Wed, 27 Nov 2019 05:34:12 GMT"", ""content-type: text/plain; charset=utf-8"", ""accept-ranges: bytes"", ""content-length: 38626"", ""alt-svc: quic=\"":443\""; ma=2592000; v=\""46,43,39\"",h3-Q046=\"":443\""; ma=2592000"", ""access-control-allow-origin: *"", ""access-control-allow-methods: GET, POST, OPTIONS"", ""etag: \""q1m4t0tsy\""""], ""quic_stream_id"": 5}, ""phase"": 0}"
322848163,9697,QUIC_SESSION_PACKET_RECEIVED,9,QUIC_SESSION,"{""params"": {""peer_address"": ""10.0.228.164:443"", ""self_address"": ""172.19.19.121:45998"", ""size"": 1252}, ""phase"": 0}"
322848163,9697,QUIC_SESSION_UNAUTHENTICATED_PACKET_HEADER_RECEIVED,9,QUIC_SESSION,"{""params"": {""connection_id"": ""0"", ""header_format"": ""GOOGLE_QUIC_PACKET"", ""packet_number"": 16, ""reset_flag"": 0, ""version_flag"": 0}, ""phase"": 0}"
322848164,9698,QUIC_SESSION_STREAM_FRAME_RECEIVED,9,QUIC_SESSION,"{""params"": {""fin"": false, ""length"": 1233, ""offset"": 1235, ""stream_id"": 5}, ""phase"": 0}"
322848164,9698,QUIC_SESSION_PACKET_RECEIVED,9,QUIC_SESSION,"{""params"": {""peer_address"": ""10.0.228.164:443"", ""self_address"": ""172.19.19.121:45998"", ""size"": 1252}, ""phase"": 0}"
322848164,9698,QUIC_SESSION_UNAUTHENTICATED_PACKET_HEADER_RECEIVED,9,QUIC_SESSION,"{""params"": {""connection_id"": ""0"", ""header_format"": ""GOOGLE_QUIC_PACKET"", ""packet_number"": 17, ""reset_flag"": 0, ""version_flag"": 0}, ""phase"": 0}"
322848164,9698,QUIC_SESSION_STREAM_FRAME_RECEIVED,9,QUIC_SESSION,"{""params"": {""fin"": false, ""length"": 1233, ""offset"": 2468, ""stream_id"": 5}, ""phase"": 0}"
322848164,9698,QUIC_SESSION_ACK_FRAME_SENT,9,QUIC_SESSION,"{""params"": {""delta_time_largest_observed_us"": 347, ""largest_observed"": 17, ""missing_packets"": [], ""received_packet_times"": []}, ""phase"": 0}"
322848165,9699,QUIC_SESSION_PACKET_SENT,9,QUIC_SESSION,"{""params"": {""encryption_level"": ""ENCRYPTION_FORWARD_SECURE"", ""packet_number"": 14, ""sent_time_us"": 322848164907, ""size"": 28, ""transmission_type"": ""NOT_RETRANSMISSION""}, ""phase"": 0}"
322848165,9699,QUIC_SESSION_PACKET_RECEIVED,9,QUIC_SESSION,"{""params"": {""peer_address"": ""10.0.228.164:443"", ""self_address"": ""172.19.19.121:45998"", ""size"": 1252}, ""phase"": 0}"
322848165,9699,QUIC_SESSION_UNAUTHENTICATED_PACKET_HEADER_RECEIVED,9,QUIC_SESSION,"{""params"": {""connection_id"": ""0"", ""header_format"": ""GOOGLE_QUIC_PACKET"", ""packet_number"": 18, ""reset_flag"": 0, ""version_flag"": 0}, ""phase"": 0}"
322848165,9699,QUIC_SESSION_STREAM_FRAME_RECEIVED,9,QUIC_SESSION,"{""params"": {""fin"": false, ""length"": 1233, ""offset"": 3701, ""stream_id"": 5}, ""phase"": 0}"
322848167,9701,QUIC_SESSION_PACKET_RECEIVED,9,QUIC_SESSION,"{""params"": {""peer_address"": ""10.0.228.164:443"", ""self_address"": ""172.19.19.121:45998"", ""size"": 1252}, ""phase"": 0}"
322848167,9701,QUIC_SESSION_UNAUTHENTICATED_PACKET_HEADER_RECEIVED,9,QUIC_SESSION,"{""params"": {""connection_id"": ""0"", ""header_format"": ""GOOGLE_QUIC_PACKET"", ""packet_number"": 19, ""reset_flag"": 0, ""version_flag"": 0}, ""phase"": 0}"
322848167,9701,QUIC_SESSION_STREAM_FRAME_RECEIVED,9,QUIC_SESSION,"{""params"": {""fin"": false, ""length"": 1233, ""offset"": 4934, ""stream_id"": 5}, ""phase"": 0}"
322848167,9701,QUIC_SESSION_ACK_FRAME_SENT,9,QUIC_SESSION,"{""params"": {""delta_time_largest_observed_us"": 373, ""largest_observed"": 19, ""missing_packets"": [], ""received_packet_times"": []}, ""phase"": 0}"
322848167,9701,QUIC_SESSION_PACKET_SENT,9,QUIC_SESSION,"{""params"": {""encryption_level"": ""ENCRYPTION_FORWARD_SECURE"", ""packet_number"": 15, ""sent_time_us"": 322848167430, ""size"": 28, ""transmission_type"": ""NOT_RETRANSMISSION""}, ""phase"": 0}"
322848167,9701,QUIC_SESSION_PACKET_RECEIVED,9,QUIC_SESSION,"{""params"": {""peer_address"": ""10.0.228.164:443"", ""self_address"": ""172.19.19.121:45998"", ""size"": 1252}, ""phase"": 0}"
322848168,9702,QUIC_SESSION_UNAUTHENTICATED_PACKET_HEADER_RECEIVED,9,QUIC_SESSION,"{""params"": {""connection_id"": ""0"", ""header_format"": ""GOOGLE_QUIC_PACKET"", ""packet_number"": 20, ""reset_flag"": 0, ""version_flag"": 0}, ""phase"": 0}"
322848168,9702,QUIC_SESSION_STREAM_FRAME_RECEIVED,9,QUIC_SESSION,"{""params"": {""fin"": false, ""length"": 1233, ""offset"": 6167, ""stream_id"": 5}, ""phase"": 0}"
322848168,9702,QUIC_SESSION_PACKET_RECEIVED,9,QUIC_SESSION,"{""params"": {""peer_address"": ""10.0.228.164:443"", ""self_address"": ""172.19.19.121:45998"", ""size"": 1252}, ""phase"": 0}"
322848168,9702,QUIC_SESSION_UNAUTHENTICATED_PACKET_HEADER_RECEIVED,9,QUIC_SESSION,"{""params"": {""connection_id"": ""0"", ""header_format"": ""GOOGLE_QUIC_PACKET"", ""packet_number"": 21, ""reset_flag"": 0, ""version_flag"": 0}, ""phase"": 0}"
322848168,9702,QUIC_SESSION_STREAM_FRAME_RECEIVED,9,QUIC_SESSION,"{""params"": {""fin"": false, ""length"": 1233, ""offset"": 7400, ""stream_id"": 5}, ""phase"": 0}"
322848168,9702,QUIC_SESSION_ACK_FRAME_SENT,9,QUIC_SESSION,"{""params"": {""delta_time_largest_observed_us"": 358, ""largest_observed"": 21, ""missing_packets"": [], ""received_packet_times"": []}, ""phase"": 0}"
322848169,9703,QUIC_SESSION_PACKET_SENT,9,QUIC_SESSION,"{""params"": {""encryption_level"": ""ENCRYPTION_FORWARD_SECURE"", ""packet_number"": 16, ""sent_time_us"": 322848168964, ""size"": 28, ""transmission_type"": ""NOT_RETRANSMISSION""}, ""phase"": 0}"
322848169,9703,QUIC_SESSION_PACKET_RECEIVED,9,QUIC_SESSION,"{""params"": {""peer_address"": ""10.0.228.164:443"", ""self_address"": ""172.19.19.121:45998"", ""size"": 1252}, ""phase"": 0}"
322848169,9703,QUIC_SESSION_UNAUTHENTICATED_PACKET_HEADER_RECEIVED,9,QUIC_SESSION,"{""params"": {""connection_id"": ""0"", ""header_format"": ""GOOGLE_QUIC_PACKET"", ""packet_number"": 22, ""reset_flag"": 0, ""version_flag"": 0}, ""phase"": 0}"
322848169,9703,QUIC_SESSION_STREAM_FRAME_RECEIVED,9,QUIC_SESSION,"{""params"": {""fin"": false, ""length"": 1233, ""offset"": 8633, ""stream_id"": 5}, ""phase"": 0}"
322848181,9715,QUIC_SESSION_PACKET_RECEIVED,9,QUIC_SESSION,"{""params"": {""peer_address"": ""10.0.228.164:443"", ""self_address"": ""172.19.19.121:45998"", ""size"": 1252}, ""phase"": 0}"
322848181,9715,QUIC_SESSION_UNAUTHENTICATED_PACKET_HEADER_RECEIVED,9,QUIC_SESSION,"{""params"": {""connection_id"": ""0"", ""header_format"": ""GOOGLE_QUIC_PACKET"", ""packet_number"": 23, ""reset_flag"": 0, ""version_flag"": 0}, ""phase"": 0}"
322848186,9720,QUIC_SESSION_STREAM_FRAME_RECEIVED,9,QUIC_SESSION,"{""params"": {""fin"": false, ""length"": 1233, ""offset"": 9866, ""stream_id"": 5}, ""phase"": 0}"
322848186,9720,QUIC_SESSION_ACK_FRAME_SENT,9,QUIC_SESSION,"{""params"": {""delta_time_largest_observed_us"": 8480, ""largest_observed"": 23, ""missing_packets"": [], ""received_packet_times"": []}, ""phase"": 0}"
322848187,9721,QUIC_SESSION_PACKET_SENT,9,QUIC_SESSION,"{""params"": {""encryption_level"": ""ENCRYPTION_FORWARD_SECURE"", ""packet_number"": 17, ""sent_time_us"": 322848186666, ""size"": 28, ""transmission_type"": ""NOT_RETRANSMISSION""}, ""phase"": 0}"
322848188,9722,QUIC_SESSION_PACKET_RECEIVED,9,QUIC_SESSION,"{""params"": {""peer_address"": ""10.0.228.164:443"", ""self_address"": ""172.19.19.121:45998"", ""size"": 1252}, ""phase"": 0}"
322848188,9722,QUIC_SESSION_UNAUTHENTICATED_PACKET_HEADER_RECEIVED,9,QUIC_SESSION,"{""params"": {""connection_id"": ""0"", ""header_format"": ""GOOGLE_QUIC_PACKET"", ""packet_number"": 24, ""reset_flag"": 0, ""version_flag"": 0}, ""phase"": 0}"
322848189,9723,QUIC_SESSION_STREAM_FRAME_RECEIVED,9,QUIC_SESSION,"{""params"": {""fin"": false, ""length"": 1233, ""offset"": 11099, ""stream_id"": 5}, ""phase"": 0}"
322848191,9725,QUIC_SESSION_PACKET_RECEIVED,9,QUIC_SESSION,"{""params"": {""peer_address"": ""10.0.228.164:443"", ""self_address"": ""172.19.19.121:45998"", ""size"": 1252}, ""phase"": 0}"
322848193,9727,QUIC_SESSION_UNAUTHENTICATED_PACKET_HEADER_RECEIVED,9,QUIC_SESSION,"{""params"": {""connection_id"": ""0"", ""header_format"": ""GOOGLE_QUIC_PACKET"", ""packet_number"": 25, ""reset_flag"": 0, ""version_flag"": 0}, ""phase"": 0}"
322848193,9727,QUIC_SESSION_STREAM_FRAME_RECEIVED,9,QUIC_SESSION,"{""params"": {""fin"": false, ""length"": 1233, ""offset"": 12332, ""stream_id"": 5}, ""phase"": 0}"
322848193,9727,QUIC_SESSION_ACK_FRAME_SENT,9,QUIC_SESSION,"{""params"": {""delta_time_largest_observed_us"": 2007, ""largest_observed"": 25, ""missing_packets"": [], ""received_packet_times"": []}, ""phase"": 0}"
322848193,9727,QUIC_SESSION_PACKET_SENT,9,QUIC_SESSION,"{""params"": {""encryption_level"": ""ENCRYPTION_FORWARD_SECURE"", ""packet_number"": 18, ""sent_time_us"": 322848193390, ""size"": 28, ""transmission_type"": ""NOT_RETRANSMISSION""}, ""phase"": 0}"
322848193,9727,QUIC_SESSION_PACKET_RECEIVED,9,QUIC_SESSION,"{""params"": {""peer_address"": ""10.0.228.164:443"", ""self_address"": ""172.19.19.121:45998"", ""size"": 1252}, ""phase"": 0}"
322848194,9728,QUIC_SESSION_UNAUTHENTICATED_PACKET_HEADER_RECEIVED,9,QUIC_SESSION,"{""params"": {""connection_id"": ""0"", ""header_format"": ""GOOGLE_QUIC_PACKET"", ""packet_number"": 26, ""reset_flag"": 0, ""version_flag"": 0}, ""phase"": 0}"
322848194,9728,QUIC_SESSION_STREAM_FRAME_RECEIVED,9,QUIC_SESSION,"{""params"": {""fin"": false, ""length"": 1233, ""offset"": 13565, ""stream_id"": 5}, ""phase"": 0}"
322848194,9728,QUIC_SESSION_PACKET_RECEIVED,9,QUIC_SESSION,"{""params"": {""peer_address"": ""10.0.228.164:443"", ""self_address"": ""172.19.19.121:45998"", ""size"": 1252}, ""phase"": 0}"
322848194,9728,QUIC_SESSION_UNAUTHENTICATED_PACKET_HEADER_RECEIVED,9,QUIC_SESSION,"{""params"": {""connection_id"": ""0"", ""header_format"": ""GOOGLE_QUIC_PACKET"", ""packet_number"": 27, ""reset_flag"": 0, ""version_flag"": 0}, ""phase"": 0}"
322848194,9728,QUIC_SESSION_STREAM_FRAME_RECEIVED,9,QUIC_SESSION,"{""params"": {""fin"": false, ""length"": 1233, ""offset"": 14798, ""stream_id"": 5}, ""phase"": 0}"
322848194,9728,QUIC_SESSION_ACK_FRAME_SENT,9,QUIC_SESSION,"{""params"": {""delta_time_largest_observed_us"": 373, ""largest_observed"": 27, ""missing_packets"": [], ""received_packet_times"": []}, ""phase"": 0}"
322848195,9729,QUIC_SESSION_PACKET_SENT,9,QUIC_SESSION,"{""params"": {""encryption_level"": ""ENCRYPTION_FORWARD_SECURE"", ""packet_number"": 19, ""sent_time_us"": 322848194993, ""size"": 28, ""transmission_type"": ""NOT_RETRANSMISSION""}, ""phase"": 0}"
322848195,9729,QUIC_SESSION_PACKET_RECEIVED,9,QUIC_SESSION,"{""params"": {""peer_address"": ""10.0.228.164:443"", ""self_address"": ""172.19.19.121:45998"", ""size"": 1252}, ""phase"": 0}"
322848195,9729,QUIC_SESSION_UNAUTHENTICATED_PACKET_HEADER_RECEIVED,9,QUIC_SESSION,"{""params"": {""connection_id"": ""0"", ""header_format"": ""GOOGLE_QUIC_PACKET"", ""packet_number"": 28, ""reset_flag"": 0, ""version_flag"": 0}, ""phase"": 0}"
322848195,9729,QUIC_SESSION_STREAM_FRAME_RECEIVED,9,QUIC_SESSION,"{""params"": {""fin"": false, ""length"": 1233, ""offset"": 16031, ""stream_id"": 5}, ""phase"": 0}"
322848197,9731,QUIC_SESSION_PACKET_RECEIVED,9,QUIC_SESSION,"{""params"": {""peer_address"": ""10.0.228.164:443"", ""self_address"": ""172.19.19.121:45998"", ""size"": 1252}, ""phase"": 0}"
322848197,9731,QUIC_SESSION_UNAUTHENTICATED_PACKET_HEADER_RECEIVED,9,QUIC_SESSION,"{""params"": {""connection_id"": ""0"", ""header_format"": ""GOOGLE_QUIC_PACKET"", ""packet_number"": 29, ""reset_flag"": 0, ""version_flag"": 0}, ""phase"": 0}"
322848197,9731,QUIC_SESSION_STREAM_FRAME_RECEIVED,9,QUIC_SESSION,"{""params"": {""fin"": false, ""length"": 1233, ""offset"": 17264, ""stream_id"": 5}, ""phase"": 0}"
322848198,9732,QUIC_SESSION_ACK_FRAME_SENT,9,QUIC_SESSION,"{""params"": {""delta_time_largest_observed_us"": 417, ""largest_observed"": 29, ""missing_packets"": [], ""received_packet_times"": []}, ""phase"": 0}"
322848198,9732,QUIC_SESSION_PACKET_SENT,9,QUIC_SESSION,"{""params"": {""encryption_level"": ""ENCRYPTION_FORWARD_SECURE"", ""packet_number"": 20, ""sent_time_us"": 322848198170, ""size"": 28, ""transmission_type"": ""NOT_RETRANSMISSION""}, ""phase"": 0}"
322848199,9733,QUIC_SESSION_PACKET_RECEIVED,9,QUIC_SESSION,"{""params"": {""peer_address"": ""10.0.228.164:443"", ""self_address"": ""172.19.19.121:45998"", ""size"": 1252}, ""phase"": 0}"
322848199,9733,QUIC_SESSION_UNAUTHENTICATED_PACKET_HEADER_RECEIVED,9,QUIC_SESSION,"{""params"": {""connection_id"": ""0"", ""header_format"": ""GOOGLE_QUIC_PACKET"", ""packet_number"": 30, ""reset_flag"": 0, ""version_flag"": 0}, ""phase"": 0}"
322848199,9733,QUIC_SESSION_STREAM_FRAME_RECEIVED,9,QUIC_SESSION,"{""params"": {""fin"": false, ""length"": 1233, ""offset"": 18497, ""stream_id"": 5}, ""phase"": 0}"
322848200,9734,QUIC_SESSION_PACKET_RECEIVED,9,QUIC_SESSION,"{""params"": {""peer_address"": ""10.0.228.164:443"", ""self_address"": ""172.19.19.121:45998"", ""size"": 1252}, ""phase"": 0}"
322848200,9734,QUIC_SESSION_UNAUTHENTICATED_PACKET_HEADER_RECEIVED,9,QUIC_SESSION,"{""params"": {""connection_id"": ""0"", ""header_format"": ""GOOGLE_QUIC_PACKET"", ""packet_number"": 31, ""reset_flag"": 0, ""version_flag"": 0}, ""phase"": 0}"
322848200,9734,QUIC_SESSION_STREAM_FRAME_RECEIVED,9,QUIC_SESSION,"{""params"": {""fin"": false, ""length"": 1233, ""offset"": 19730, ""stream_id"": 5}, ""phase"": 0}"
322848201,9735,QUIC_SESSION_ACK_FRAME_SENT,9,QUIC_SESSION,"{""params"": {""delta_time_largest_observed_us"": 597, ""largest_observed"": 31, ""missing_packets"": [], ""received_packet_times"": []}, ""phase"": 0}"
322848201,9735,QUIC_SESSION_PACKET_SENT,9,QUIC_SESSION,"{""params"": {""encryption_level"": ""ENCRYPTION_FORWARD_SECURE"", ""packet_number"": 21, ""sent_time_us"": 322848201082, ""size"": 28, ""transmission_type"": ""NOT_RETRANSMISSION""}, ""phase"": 0}"
322848203,9737,QUIC_SESSION_PACKET_RECEIVED,9,QUIC_SESSION,"{""params"": {""peer_address"": ""10.0.228.164:443"", ""self_address"": ""172.19.19.121:45998"", ""size"": 1252}, ""phase"": 0}"
322848203,9737,QUIC_SESSION_UNAUTHENTICATED_PACKET_HEADER_RECEIVED,9,QUIC_SESSION,"{""params"": {""connection_id"": ""0"", ""header_format"": ""GOOGLE_QUIC_PACKET"", ""packet_number"": 32, ""reset_flag"": 0, ""version_flag"": 0}, ""phase"": 0}"
322848204,9738,QUIC_SESSION_STREAM_FRAME_RECEIVED,9,QUIC_SESSION,"{""params"": {""fin"": false, ""length"": 1233, ""offset"": 20963, ""stream_id"": 5}, ""phase"": 0}"
322848205,9739,QUIC_SESSION_PACKET_RECEIVED,9,QUIC_SESSION,"{""params"": {""peer_address"": ""10.0.228.164:443"", ""self_address"": ""172.19.19.121:45998"", ""size"": 1252}, ""phase"": 0}"
322848205,9739,QUIC_SESSION_UNAUTHENTICATED_PACKET_HEADER_RECEIVED,9,QUIC_SESSION,"{""params"": {""connection_id"": ""0"", ""header_format"": ""GOOGLE_QUIC_PACKET"", ""packet_number"": 33, ""reset_flag"": 0, ""version_flag"": 0}, ""phase"": 0}"
322848205,9739,QUIC_SESSION_STREAM_FRAME_RECEIVED,9,QUIC_SESSION,"{""params"": {""fin"": false, ""length"": 1233, ""offset"": 22196, ""stream_id"": 5}, ""phase"": 0}"
322848205,9739,QUIC_SESSION_ACK_FRAME_SENT,9,QUIC_SESSION,"{""params"": {""delta_time_largest_observed_us"": 332, ""largest_observed"": 33, ""missing_packets"": [], ""received_packet_times"": []}, ""phase"": 0}"
322848205,9739,QUIC_SESSION_PACKET_SENT,9,QUIC_SESSION,"{""params"": {""encryption_level"": ""ENCRYPTION_FORWARD_SECURE"", ""packet_number"": 22, ""sent_time_us"": 322848205402, ""size"": 28, ""transmission_type"": ""NOT_RETRANSMISSION""}, ""phase"": 0}"
322848205,9739,QUIC_SESSION_PACKET_RECEIVED,9,QUIC_SESSION,"{""params"": {""peer_address"": ""10.0.228.164:443"", ""self_address"": ""172.19.19.121:45998"", ""size"": 1252}, ""phase"": 0}"
322848207,9741,QUIC_SESSION_UNAUTHENTICATED_PACKET_HEADER_RECEIVED,9,QUIC_SESSION,"{""params"": {""connection_id"": ""0"", ""header_format"": ""GOOGLE_QUIC_PACKET"", ""packet_number"": 34, ""reset_flag"": 0, ""version_flag"": 0}, ""phase"": 0}"
322848207,9741,QUIC_SESSION_STREAM_FRAME_RECEIVED,9,QUIC_SESSION,"{""params"": {""fin"": false, ""length"": 1233, ""offset"": 23429, ""stream_id"": 5}, ""phase"": 0}"
322848208,9742,QUIC_SESSION_PACKET_RECEIVED,9,QUIC_SESSION,"{""params"": {""peer_address"": ""10.0.228.164:443"", ""self_address"": ""172.19.19.121:45998"", ""size"": 1252}, ""phase"": 0}"
322848208,9742,QUIC_SESSION_UNAUTHENTICATED_PACKET_HEADER_RECEIVED,9,QUIC_SESSION,"{""params"": {""connection_id"": ""0"", ""header_format"": ""GOOGLE_QUIC_PACKET"", ""packet_number"": 35, ""reset_flag"": 0, ""version_flag"": 0}, ""phase"": 0}"
322848208,9742,QUIC_SESSION_STREAM_FRAME_RECEIVED,9,QUIC_SESSION,"{""params"": {""fin"": false, ""length"": 1233, ""offset"": 24662, ""stream_id"": 5}, ""phase"": 0}"
322848209,9743,QUIC_SESSION_ACK_FRAME_SENT,9,QUIC_SESSION,"{""params"": {""delta_time_largest_observed_us"": 579, ""largest_observed"": 35, ""missing_packets"": [], ""received_packet_times"": []}, ""phase"": 0}"
322848209,9743,QUIC_SESSION_PACKET_SENT,9,QUIC_SESSION,"{""params"": {""encryption_level"": ""ENCRYPTION_FORWARD_SECURE"", ""packet_number"": 23, ""sent_time_us"": 322848209269, ""size"": 28, ""transmission_type"": ""NOT_RETRANSMISSION""}, ""phase"": 0}"
322848211,9745,QUIC_SESSION_PACKET_RECEIVED,9,QUIC_SESSION,"{""params"": {""peer_address"": ""10.0.228.164:443"", ""self_address"": ""172.19.19.121:45998"", ""size"": 1252}, ""phase"": 0}"
322848211,9745,QUIC_SESSION_UNAUTHENTICATED_PACKET_HEADER_RECEIVED,9,QUIC_SESSION,"{""params"": {""connection_id"": ""0"", ""header_format"": ""GOOGLE_QUIC_PACKET"", ""packet_number"": 36, ""reset_flag"": 0, ""version_flag"": 0}, ""phase"": 0}"
322848212,9746,QUIC_SESSION_STREAM_FRAME_RECEIVED,9,QUIC_SESSION,"{""params"": {""fin"": false, ""length"": 1233, ""offset"": 25895, ""stream_id"": 5}, ""phase"": 0}"
322848212,9746,QUIC_SESSION_PACKET_RECEIVED,9,QUIC_SESSION,"{""params"": {""peer_address"": ""10.0.228.164:443"", ""self_address"": ""172.19.19.121:45998"", ""size"": 1252}, ""phase"": 0}"
322848212,9746,QUIC_SESSION_UNAUTHENTICATED_PACKET_HEADER_RECEIVED,9,QUIC_SESSION,"{""params"": {""connection_id"": ""0"", ""header_format"": ""GOOGLE_QUIC_PACKET"", ""packet_number"": 37, ""reset_flag"": 0, ""version_flag"": 0}, ""phase"": 0}"
322848213,9747,QUIC_SESSION_STREAM_FRAME_RECEIVED,9,QUIC_SESSION,"{""params"": {""fin"": false, ""length"": 1233, ""offset"": 27128, ""stream_id"": 5}, ""phase"": 0}"
322848213,9747,QUIC_SESSION_ACK_FRAME_SENT,9,QUIC_SESSION,"{""params"": {""delta_time_largest_observed_us"": 518, ""largest_observed"": 37, ""missing_packets"": [], ""received_packet_times"": []}, ""phase"": 0}"
322848213,9747,QUIC_SESSION_PACKET_SENT,9,QUIC_SESSION,"{""params"": {""encryption_level"": ""ENCRYPTION_FORWARD_SECURE"", ""packet_number"": 24, ""sent_time_us"": 322848213469, ""size"": 28, ""transmission_type"": ""NOT_RETRANSMISSION""}, ""phase"": 0}"
322848215,9749,QUIC_SESSION_PACKET_RECEIVED,9,QUIC_SESSION,"{""params"": {""peer_address"": ""10.0.228.164:443"", ""self_address"": ""172.19.19.121:45998"", ""size"": 1252}, ""phase"": 0}"
322848215,9749,QUIC_SESSION_UNAUTHENTICATED_PACKET_HEADER_RECEIVED,9,QUIC_SESSION,"{""params"": {""connection_id"": ""0"", ""header_format"": ""GOOGLE_QUIC_PACKET"", ""packet_number"": 38, ""reset_flag"": 0, ""version_flag"": 0}, ""phase"": 0}"
322848215,9749,QUIC_SESSION_STREAM_FRAME_RECEIVED,9,QUIC_SESSION,"{""params"": {""fin"": false, ""length"": 1233, ""offset"": 28361, ""stream_id"": 5}, ""phase"": 0}"
322848216,9750,QUIC_SESSION_PACKET_RECEIVED,9,QUIC_SESSION,"{""params"": {""peer_address"": ""10.0.228.164:443"", ""self_address"": ""172.19.19.121:45998"", ""size"": 1252}, ""phase"": 0}"
322848216,9750,QUIC_SESSION_UNAUTHENTICATED_PACKET_HEADER_RECEIVED,9,QUIC_SESSION,"{""params"": {""connection_id"": ""0"", ""header_format"": ""GOOGLE_QUIC_PACKET"", ""packet_number"": 39, ""reset_flag"": 0, ""version_flag"": 0}, ""phase"": 0}"
322848216,9750,QUIC_SESSION_STREAM_FRAME_RECEIVED,9,QUIC_SESSION,"{""params"": {""fin"": false, ""length"": 1233, ""offset"": 29594, ""stream_id"": 5}, ""phase"": 0}"
322848216,9750,QUIC_SESSION_ACK_FRAME_SENT,9,QUIC_SESSION,"{""params"": {""delta_time_largest_observed_us"": 297, ""largest_observed"": 39, ""missing_packets"": [], ""received_packet_times"": []}, ""phase"": 0}"
322848216,9750,QUIC_SESSION_PACKET_SENT,9,QUIC_SESSION,"{""params"": {""encryption_level"": ""ENCRYPTION_FORWARD_SECURE"", ""packet_number"": 25, ""sent_time_us"": 322848216560, ""size"": 28, ""transmission_type"": ""NOT_RETRANSMISSION""}, ""phase"": 0}"
322848216,9750,QUIC_SESSION_PACKET_RECEIVED,9,QUIC_SESSION,"{""params"": {""peer_address"": ""10.0.228.164:443"", ""self_address"": ""172.19.19.121:45998"", ""size"": 1252}, ""phase"": 0}"
322848218,9752,QUIC_SESSION_UNAUTHENTICATED_PACKET_HEADER_RECEIVED,9,QUIC_SESSION,"{""params"": {""connection_id"": ""0"", ""header_format"": ""GOOGLE_QUIC_PACKET"", ""packet_number"": 40, ""reset_flag"": 0, ""version_flag"": 0}, ""phase"": 0}"
322848218,9752,QUIC_SESSION_STREAM_FRAME_RECEIVED,9,QUIC_SESSION,"{""params"": {""fin"": false, ""length"": 1233, ""offset"": 30827, ""stream_id"": 5}, ""phase"": 0}"
322848219,9753,QUIC_SESSION_PACKET_RECEIVED,9,QUIC_SESSION,"{""params"": {""peer_address"": ""10.0.228.164:443"", ""self_address"": ""172.19.19.121:45998"", ""size"": 727}, ""phase"": 0}"
322848219,9753,QUIC_SESSION_UNAUTHENTICATED_PACKET_HEADER_RECEIVED,9,QUIC_SESSION,"{""params"": {""connection_id"": ""0"", ""header_format"": ""GOOGLE_QUIC_PACKET"", ""packet_number"": 41, ""reset_flag"": 0, ""version_flag"": 0}, ""phase"": 0}"
322848219,9753,QUIC_SESSION_STREAM_FRAME_RECEIVED,9,QUIC_SESSION,"{""params"": {""fin"": false, ""length"": 708, ""offset"": 32060, ""stream_id"": 5}, ""phase"": 0}"
322848219,9753,QUIC_SESSION_ACK_FRAME_SENT,9,QUIC_SESSION,"{""params"": {""delta_time_largest_observed_us"": 288, ""largest_observed"": 41, ""missing_packets"": [], ""received_packet_times"": []}, ""phase"": 0}"
322848219,9753,QUIC_SESSION_PACKET_SENT,9,QUIC_SESSION,"{""params"": {""encryption_level"": ""ENCRYPTION_FORWARD_SECURE"", ""packet_number"": 26, ""sent_time_us"": 322848219546, ""size"": 28, ""transmission_type"": ""NOT_RETRANSMISSION""}, ""phase"": 0}"
322848221,9755,QUIC_SESSION_PACKET_RECEIVED,9,QUIC_SESSION,"{""params"": {""peer_address"": ""10.0.228.164:443"", ""self_address"": ""172.19.19.121:45998"", ""size"": 1252}, ""phase"": 0}"
322848221,9755,QUIC_SESSION_UNAUTHENTICATED_PACKET_HEADER_RECEIVED,9,QUIC_SESSION,"{""params"": {""connection_id"": ""0"", ""header_format"": ""GOOGLE_QUIC_PACKET"", ""packet_number"": 42, ""reset_flag"": 0, ""version_flag"": 0}, ""phase"": 0}"
322848221,9755,QUIC_SESSION_STREAM_FRAME_RECEIVED,9,QUIC_SESSION,"{""params"": {""fin"": false, ""length"": 1233, ""offset"": 32768, ""stream_id"": 5}, ""phase"": 0}"
322848223,9757,QUIC_SESSION_PACKET_RECEIVED,9,QUIC_SESSION,"{""params"": {""peer_address"": ""10.0.228.164:443"", ""self_address"": ""172.19.19.121:45998"", ""size"": 1252}, ""phase"": 0}"
322848223,9757,QUIC_SESSION_UNAUTHENTICATED_PACKET_HEADER_RECEIVED,9,QUIC_SESSION,"{""params"": {""connection_id"": ""0"", ""header_format"": ""GOOGLE_QUIC_PACKET"", ""packet_number"": 43, ""reset_flag"": 0, ""version_flag"": 0}, ""phase"": 0}"
322848223,9757,QUIC_SESSION_STREAM_FRAME_RECEIVED,9,QUIC_SESSION,"{""params"": {""fin"": false, ""length"": 1233, ""offset"": 34001, ""stream_id"": 5}, ""phase"": 0}"
322848223,9757,QUIC_SESSION_ACK_FRAME_SENT,9,QUIC_SESSION,"{""params"": {""delta_time_largest_observed_us"": 484, ""largest_observed"": 43, ""missing_packets"": [], ""received_packet_times"": []}, ""phase"": 0}"
322848224,9758,QUIC_SESSION_PACKET_SENT,9,QUIC_SESSION,"{""params"": {""encryption_level"": ""ENCRYPTION_FORWARD_SECURE"", ""packet_number"": 27, ""sent_time_us"": 322848223912, ""size"": 28, ""transmission_type"": ""NOT_RETRANSMISSION""}, ""phase"": 0}"
322848226,9760,QUIC_SESSION_PACKET_RECEIVED,9,QUIC_SESSION,"{""params"": {""peer_address"": ""10.0.228.164:443"", ""self_address"": ""172.19.19.121:45998"", ""size"": 1252}, ""phase"": 0}"
322848226,9760,QUIC_SESSION_UNAUTHENTICATED_PACKET_HEADER_RECEIVED,9,QUIC_SESSION,"{""params"": {""connection_id"": ""0"", ""header_format"": ""GOOGLE_QUIC_PACKET"", ""packet_number"": 44, ""reset_flag"": 0, ""version_flag"": 0}, ""phase"": 0}"
322848226,9760,QUIC_SESSION_STREAM_FRAME_RECEIVED,9,QUIC_SESSION,"{""params"": {""fin"": false, ""length"": 1233, ""offset"": 35234, ""stream_id"": 5}, ""phase"": 0}"
322848226,9760,QUIC_SESSION_PACKET_RECEIVED,9,QUIC_SESSION,"{""params"": {""peer_address"": ""10.0.228.164:443"", ""self_address"": ""172.19.19.121:45998"", ""size"": 1252}, ""phase"": 0}"
322848226,9760,QUIC_SESSION_UNAUTHENTICATED_PACKET_HEADER_RECEIVED,9,QUIC_SESSION,"{""params"": {""connection_id"": ""0"", ""header_format"": ""GOOGLE_QUIC_PACKET"", ""packet_number"": 45, ""reset_flag"": 0, ""version_flag"": 0}, ""phase"": 0}"
322848226,9760,QUIC_SESSION_STREAM_FRAME_RECEIVED,9,QUIC_SESSION,"{""params"": {""fin"": false, ""length"": 1233, ""offset"": 36467, ""stream_id"": 5}, ""phase"": 0}"
322848227,9761,QUIC_SESSION_ACK_FRAME_SENT,9,QUIC_SESSION,"{""params"": {""delta_time_largest_observed_us"": 268, ""largest_observed"": 45, ""missing_packets"": [], ""received_packet_times"": []}, ""phase"": 0}"
322848227,9761,QUIC_SESSION_PACKET_SENT,9,QUIC_SESSION,"{""params"": {""encryption_level"": ""ENCRYPTION_FORWARD_SECURE"", ""packet_number"": 28, ""sent_time_us"": 322848227119, ""size"": 28, ""transmission_type"": ""NOT_RETRANSMISSION""}, ""phase"": 0}"
322848227,9761,QUIC_SESSION_PACKET_RECEIVED,9,QUIC_SESSION,"{""params"": {""peer_address"": ""10.0.228.164:443"", ""self_address"": ""172.19.19.121:45998"", ""size"": 945}, ""phase"": 0}"
322848228,9762,QUIC_SESSION_UNAUTHENTICATED_PACKET_HEADER_RECEIVED,9,QUIC_SESSION,"{""params"": {""connection_id"": ""0"", ""header_format"": ""GOOGLE_QUIC_PACKET"", ""packet_number"": 46, ""reset_flag"": 0, ""version_flag"": 0}, ""phase"": 0}"
322848228,9762,QUIC_SESSION_STREAM_FRAME_RECEIVED,9,QUIC_SESSION,"{""params"": {""fin"": false, ""length"": 926, ""offset"": 37700, ""stream_id"": 5}, ""phase"": 0}"
322848229,9763,QUIC_SESSION_PACKET_RECEIVED,9,QUIC_SESSION,"{""params"": {""peer_address"": ""10.0.228.164:443"", ""self_address"": ""172.19.19.121:45998"", ""size"": 19}, ""phase"": 0}"
322848229,9763,QUIC_SESSION_UNAUTHENTICATED_PACKET_HEADER_RECEIVED,9,QUIC_SESSION,"{""params"": {""connection_id"": ""0"", ""header_format"": ""GOOGLE_QUIC_PACKET"", ""packet_number"": 47, ""reset_flag"": 0, ""version_flag"": 0}, ""phase"": 0}"
322848229,9763,QUIC_SESSION_STREAM_FRAME_RECEIVED,9,QUIC_SESSION,"{""params"": {""fin"": true, ""length"": 0, ""offset"": 38626, ""stream_id"": 5}, ""phase"": 0}"
322848230,9764,QUIC_SESSION_ACK_FRAME_SENT,9,QUIC_SESSION,"{""params"": {""delta_time_largest_observed_us"": 602, ""largest_observed"": 47, ""missing_packets"": [], ""received_packet_times"": []}, ""phase"": 0}"
322848230,9764,QUIC_SESSION_PACKET_SENT,9,QUIC_SESSION,"{""params"": {""encryption_level"": ""ENCRYPTION_FORWARD_SECURE"", ""packet_number"": 29, ""sent_time_us"": 322848230388, ""size"": 28, ""transmission_type"": ""NOT_RETRANSMISSION""}, ""phase"": 0}"
322848234,9768,QUIC_SESSION_PACKET_RECEIVED,9,QUIC_SESSION,"{""params"": {""peer_address"": ""10.0.228.164:443"", ""self_address"": ""172.19.19.121:45998"", ""size"": 1252}, ""phase"": 0}"
322848234,9768,QUIC_SESSION_UNAUTHENTICATED_PACKET_HEADER_RECEIVED,9,QUIC_SESSION,"{""params"": {""connection_id"": ""0"", ""header_format"": ""GOOGLE_QUIC_PACKET"", ""packet_number"": 48, ""reset_flag"": 0, ""version_flag"": 0}, ""phase"": 0}"
322848234,9768,QUIC_SESSION_STREAM_FRAME_RECEIVED,9,QUIC_SESSION,"{""params"": {""fin"": false, ""length"": 1230, ""offset"": 8633, ""stream_id"": 5}, ""phase"": 0}"
322848234,9768,QUIC_SESSION_PACKET_RECEIVED,9,QUIC_SESSION,"{""params"": {""peer_address"": ""10.0.228.164:443"", ""self_address"": ""172.19.19.121:45998"", ""size"": 25}, ""phase"": 0}"
322848234,9768,QUIC_SESSION_UNAUTHENTICATED_PACKET_HEADER_RECEIVED,9,QUIC_SESSION,"{""params"": {""connection_id"": ""0"", ""header_format"": ""GOOGLE_QUIC_PACKET"", ""packet_number"": 49, ""reset_flag"": 0, ""version_flag"": 0}, ""phase"": 0}"
322848235,9769,QUIC_SESSION_STREAM_FRAME_RECEIVED,9,QUIC_SESSION,"{""params"": {""fin"": false, ""length"": 3, ""offset"": 9863, ""stream_id"": 5}, ""phase"": 0}"
322848235,9769,QUIC_SESSION_ACK_FRAME_SENT,9,QUIC_SESSION,"{""params"": {""delta_time_largest_observed_us"": 407, ""largest_observed"": 49, ""missing_packets"": [], ""received_packet_times"": []}, ""phase"": 0}"
322848235,9769,QUIC_SESSION_PACKET_SENT,9,QUIC_SESSION,"{""params"": {""encryption_level"": ""ENCRYPTION_FORWARD_SECURE"", ""packet_number"": 30, ""sent_time_us"": 322848235404, ""size"": 28, ""transmission_type"": ""NOT_RETRANSMISSION""}, ""phase"": 0}"
322848266,9800,QUIC_SESSION_PACKET_RECEIVED,9,QUIC_SESSION,"{""params"": {""peer_address"": ""10.0.228.164:443"", ""self_address"": ""172.19.19.121:45998"", ""size"": 1252}, ""phase"": 0}"
322848266,9800,QUIC_SESSION_UNAUTHENTICATED_PACKET_HEADER_RECEIVED,9,QUIC_SESSION,"{""params"": {""connection_id"": ""0"", ""header_format"": ""GOOGLE_QUIC_PACKET"", ""packet_number"": 50, ""reset_flag"": 0, ""version_flag"": 0}, ""phase"": 0}"
322848267,9801,QUIC_SESSION_STREAM_FRAME_RECEIVED,9,QUIC_SESSION,"{""params"": {""fin"": false, ""length"": 1230, ""offset"": 25895, ""stream_id"": 5}, ""phase"": 0}"
322848267,9801,QUIC_SESSION_PACKET_RECEIVED,9,QUIC_SESSION,"{""params"": {""peer_address"": ""10.0.228.164:443"", ""self_address"": ""172.19.19.121:45998"", ""size"": 25}, ""phase"": 0}"
322848268,9802,QUIC_SESSION_UNAUTHENTICATED_PACKET_HEADER_RECEIVED,9,QUIC_SESSION,"{""params"": {""connection_id"": ""0"", ""header_format"": ""GOOGLE_QUIC_PACKET"", ""packet_number"": 51, ""reset_flag"": 0, ""version_flag"": 0}, ""phase"": 0}"
322848268,9802,QUIC_SESSION_STREAM_FRAME_RECEIVED,9,QUIC_SESSION,"{""params"": {""fin"": false, ""length"": 3, ""offset"": 27125, ""stream_id"": 5}, ""phase"": 0}"
322848268,9802,QUIC_SESSION_ACK_FRAME_SENT,9,QUIC_SESSION,"{""params"": {""delta_time_largest_observed_us"": 810, ""largest_observed"": 51, ""missing_packets"": [], ""received_packet_times"": []}, ""phase"": 0}"
322848269,9803,QUIC_SESSION_PACKET_SENT,9,QUIC_SESSION,"{""params"": {""encryption_level"": ""ENCRYPTION_FORWARD_SECURE"", ""packet_number"": 31, ""sent_time_us"": 322848268786, ""size"": 28, ""transmission_type"": ""NOT_RETRANSMISSION""}, ""phase"": 0}"
322849645,11179,QUIC_CHROMIUM_CLIENT_STREAM_SEND_REQUEST_HEADERS,9,QUIC_SESSION,"{""params"": {""headers"": ["":method: GET"", "":authority: info.snomile.ink"", "":scheme: https"", "":path: /server.log"", ""user-agent: com.startimes.cronet_localsample/1 (Linux; U; Android 6.0.1; zh_CN; SM-N9100; Build/MMB29M; Cronet/80.0.3956.0)"", ""accept-encoding: gzip, deflate""], ""quic_priority"": 1, ""quic_stream_id"": 7}, ""phase"": 0}"
322849645,11179,QUIC_SESSION_STREAM_FRAME_SENT,9,QUIC_SESSION,"{""params"": {""fin"": false, ""length"": 34, ""offset"": 132, ""stream_id"": 3}, ""phase"": 0}"
322849646,11180,QUIC_SESSION_PACKET_SENT,9,QUIC_SESSION,"{""params"": {""encryption_level"": ""ENCRYPTION_FORWARD_SECURE"", ""packet_number"": 32, ""sent_time_us"": 322849645859, ""size"": 60, ""transmission_type"": ""NOT_RETRANSMISSION""}, ""phase"": 0}"
322850369,11903,QUIC_SESSION_PACKET_RECEIVED,9,QUIC_SESSION,"{""params"": {""peer_address"": ""10.0.228.164:443"", ""self_address"": ""172.19.19.121:45998"", ""size"": 204}, ""phase"": 0}"
322850371,11905,QUIC_SESSION_UNAUTHENTICATED_PACKET_HEADER_RECEIVED,9,QUIC_SESSION,"{""params"": {""connection_id"": ""0"", ""header_format"": ""GOOGLE_QUIC_PACKET"", ""packet_number"": 52, ""reset_flag"": 0, ""version_flag"": 0}, ""phase"": 0}"
322850372,11906,QUIC_SESSION_STREAM_FRAME_RECEIVED,9,QUIC_SESSION,"{""params"": {""fin"": false, ""length"": 185, ""offset"": 185, ""stream_id"": 3}, ""phase"": 0}"
322850379,11913,QUIC_CHROMIUM_CLIENT_STREAM_READ_RESPONSE_HEADERS,9,QUIC_SESSION,"{""params"": {""fin"": false, ""headers"": ["":status: 200"", ""server: Caddy"", ""access-control-allow-origin: *"", ""last-modified: Wed, 27 Nov 2019 05:34:12 GMT"", ""content-type: text/plain; charset=utf-8"", ""alt-svc: quic=\"":443\""; ma=2592000; v=\""46,43,39\"",h3-Q046=\"":443\""; ma=2592000"", ""etag: \""q1m4t0tsy\"""", ""accept-ranges: bytes"", ""content-length: 38626"", ""access-control-allow-methods: GET, POST, OPTIONS""], ""quic_stream_id"": 7}, ""phase"": 0}"
322850386,11920,QUIC_SESSION_PACKET_RECEIVED,9,QUIC_SESSION,"{""params"": {""peer_address"": ""10.0.228.164:443"", ""self_address"": ""172.19.19.121:45998"", ""size"": 1252}, ""phase"": 0}"
322850386,11920,QUIC_SESSION_UNAUTHENTICATED_PACKET_HEADER_RECEIVED,9,QUIC_SESSION,"{""params"": {""connection_id"": ""0"", ""header_format"": ""GOOGLE_QUIC_PACKET"", ""packet_number"": 53, ""reset_flag"": 0, ""version_flag"": 0}, ""phase"": 0}"
322850386,11920,QUIC_SESSION_STREAM_FRAME_RECEIVED,9,QUIC_SESSION,"{""params"": {""fin"": false, ""length"": 1235, ""offset"": 0, ""stream_id"": 7}, ""phase"": 0}"
322850387,11921,QUIC_SESSION_ACK_FRAME_SENT,9,QUIC_SESSION,"{""params"": {""delta_time_largest_observed_us"": 1086, ""largest_observed"": 53, ""missing_packets"": [], ""received_packet_times"": []}, ""phase"": 0}"
322850388,11922,QUIC_SESSION_PACKET_SENT,9,QUIC_SESSION,"{""params"": {""encryption_level"": ""ENCRYPTION_FORWARD_SECURE"", ""packet_number"": 33, ""sent_time_us"": 322850387303, ""size"": 28, ""transmission_type"": ""NOT_RETRANSMISSION""}, ""phase"": 0}"
322850389,11923,QUIC_SESSION_PACKET_RECEIVED,9,QUIC_SESSION,"{""params"": {""peer_address"": ""10.0.228.164:443"", ""self_address"": ""172.19.19.121:45998"", ""size"": 1252}, ""phase"": 0}"
322850391,11925,QUIC_SESSION_UNAUTHENTICATED_PACKET_HEADER_RECEIVED,9,QUIC_SESSION,"{""params"": {""connection_id"": ""0"", ""header_format"": ""GOOGLE_QUIC_PACKET"", ""packet_number"": 54, ""reset_flag"": 0, ""version_flag"": 0}, ""phase"": 0}"
322850391,11925,QUIC_SESSION_STREAM_FRAME_RECEIVED,9,QUIC_SESSION,"{""params"": {""fin"": false, ""length"": 1233, ""offset"": 1235, ""stream_id"": 7}, ""phase"": 0}"
322850396,11930,QUIC_SESSION_PACKET_RECEIVED,9,QUIC_SESSION,"{""params"": {""peer_address"": ""10.0.228.164:443"", ""self_address"": ""172.19.19.121:45998"", ""size"": 1252}, ""phase"": 0}"
322850396,11930,QUIC_SESSION_UNAUTHENTICATED_PACKET_HEADER_RECEIVED,9,QUIC_SESSION,"{""params"": {""connection_id"": ""0"", ""header_format"": ""GOOGLE_QUIC_PACKET"", ""packet_number"": 55, ""reset_flag"": 0, ""version_flag"": 0}, ""phase"": 0}"
322850396,11930,QUIC_SESSION_STREAM_FRAME_RECEIVED,9,QUIC_SESSION,"{""params"": {""fin"": false, ""length"": 1233, ""offset"": 2468, ""stream_id"": 7}, ""phase"": 0}"
322850396,11930,QUIC_SESSION_ACK_FRAME_SENT,9,QUIC_SESSION,"{""params"": {""delta_time_largest_observed_us"": 440, ""largest_observed"": 55, ""missing_packets"": [], ""received_packet_times"": []}, ""phase"": 0}"
322850396,11930,QUIC_SESSION_PACKET_SENT,9,QUIC_SESSION,"{""params"": {""encryption_level"": ""ENCRYPTION_FORWARD_SECURE"", ""packet_number"": 34, ""sent_time_us"": 322850396606, ""size"": 28, ""transmission_type"": ""NOT_RETRANSMISSION""}, ""phase"": 0}"
322850397,11931,QUIC_SESSION_PACKET_RECEIVED,9,QUIC_SESSION,"{""params"": {""peer_address"": ""10.0.228.164:443"", ""self_address"": ""172.19.19.121:45998"", ""size"": 1252}, ""phase"": 0}"
322850397,11931,QUIC_SESSION_UNAUTHENTICATED_PACKET_HEADER_RECEIVED,9,QUIC_SESSION,"{""params"": {""connection_id"": ""0"", ""header_format"": ""GOOGLE_QUIC_PACKET"", ""packet_number"": 56, ""reset_flag"": 0, ""version_flag"": 0}, ""phase"": 0}"
322850397,11931,QUIC_SESSION_STREAM_FRAME_RECEIVED,9,QUIC_SESSION,"{""params"": {""fin"": false, ""length"": 1233, ""offset"": 3701, ""stream_id"": 7}, ""phase"": 0}"
322850397,11931,QUIC_SESSION_PACKET_RECEIVED,9,QUIC_SESSION,"{""params"": {""peer_address"": ""10.0.228.164:443"", ""self_address"": ""172.19.19.121:45998"", ""size"": 1252}, ""phase"": 0}"
322850397,11931,QUIC_SESSION_UNAUTHENTICATED_PACKET_HEADER_RECEIVED,9,QUIC_SESSION,"{""params"": {""connection_id"": ""0"", ""header_format"": ""GOOGLE_QUIC_PACKET"", ""packet_number"": 57, ""reset_flag"": 0, ""version_flag"": 0}, ""phase"": 0}"
322850398,11932,QUIC_SESSION_STREAM_FRAME_RECEIVED,9,QUIC_SESSION,"{""params"": {""fin"": false, ""length"": 1233, ""offset"": 4934, ""stream_id"": 7}, ""phase"": 0}"
322850398,11932,QUIC_SESSION_ACK_FRAME_SENT,9,QUIC_SESSION,"{""params"": {""delta_time_largest_observed_us"": 326, ""largest_observed"": 57, ""missing_packets"": [], ""received_packet_times"": []}, ""phase"": 0}"
322850398,11932,QUIC_SESSION_PACKET_SENT,9,QUIC_SESSION,"{""params"": {""encryption_level"": ""ENCRYPTION_FORWARD_SECURE"", ""packet_number"": 35, ""sent_time_us"": 322850398252, ""size"": 28, ""transmission_type"": ""NOT_RETRANSMISSION""}, ""phase"": 0}"
322850398,11932,QUIC_SESSION_PACKET_RECEIVED,9,QUIC_SESSION,"{""params"": {""peer_address"": ""10.0.228.164:443"", ""self_address"": ""172.19.19.121:45998"", ""size"": 1252}, ""phase"": 0}"
322850398,11932,QUIC_SESSION_UNAUTHENTICATED_PACKET_HEADER_RECEIVED,9,QUIC_SESSION,"{""params"": {""connection_id"": ""0"", ""header_format"": ""GOOGLE_QUIC_PACKET"", ""packet_number"": 58, ""reset_flag"": 0, ""version_flag"": 0}, ""phase"": 0}"
322850399,11933,QUIC_SESSION_STREAM_FRAME_RECEIVED,9,QUIC_SESSION,"{""params"": {""fin"": false, ""length"": 1233, ""offset"": 6167, ""stream_id"": 7}, ""phase"": 0}"
322850403,11937,QUIC_SESSION_PACKET_RECEIVED,9,QUIC_SESSION,"{""params"": {""peer_address"": ""10.0.228.164:443"", ""self_address"": ""172.19.19.121:45998"", ""size"": 1252}, ""phase"": 0}"
322850403,11937,QUIC_SESSION_UNAUTHENTICATED_PACKET_HEADER_RECEIVED,9,QUIC_SESSION,"{""params"": {""connection_id"": ""0"", ""header_format"": ""GOOGLE_QUIC_PACKET"", ""packet_number"": 59, ""reset_flag"": 0, ""version_flag"": 0}, ""phase"": 0}"
322850403,11937,QUIC_SESSION_STREAM_FRAME_RECEIVED,9,QUIC_SESSION,"{""params"": {""fin"": false, ""length"": 1233, ""offset"": 7400, ""stream_id"": 7}, ""phase"": 0}"
322850403,11937,QUIC_SESSION_ACK_FRAME_SENT,9,QUIC_SESSION,"{""params"": {""delta_time_largest_observed_us"": 436, ""largest_observed"": 59, ""missing_packets"": [], ""received_packet_times"": []}, ""phase"": 0}"
322850404,11938,QUIC_SESSION_PACKET_SENT,9,QUIC_SESSION,"{""params"": {""encryption_level"": ""ENCRYPTION_FORWARD_SECURE"", ""packet_number"": 36, ""sent_time_us"": 322850404021, ""size"": 28, ""transmission_type"": ""NOT_RETRANSMISSION""}, ""phase"": 0}"
322850405,11939,QUIC_SESSION_PACKET_RECEIVED,9,QUIC_SESSION,"{""params"": {""peer_address"": ""10.0.228.164:443"", ""self_address"": ""172.19.19.121:45998"", ""size"": 1252}, ""phase"": 0}"
322850405,11939,QUIC_SESSION_UNAUTHENTICATED_PACKET_HEADER_RECEIVED,9,QUIC_SESSION,"{""params"": {""connection_id"": ""0"", ""header_format"": ""GOOGLE_QUIC_PACKET"", ""packet_number"": 60, ""reset_flag"": 0, ""version_flag"": 0}, ""phase"": 0}"
322850406,11940,QUIC_SESSION_STREAM_FRAME_RECEIVED,9,QUIC_SESSION,"{""params"": {""fin"": false, ""length"": 1233, ""offset"": 8633, ""stream_id"": 7}, ""phase"": 0}"
322850409,11943,QUIC_SESSION_PACKET_RECEIVED,9,QUIC_SESSION,"{""params"": {""peer_address"": ""10.0.228.164:443"", ""self_address"": ""172.19.19.121:45998"", ""size"": 1252}, ""phase"": 0}"
322850409,11943,QUIC_SESSION_UNAUTHENTICATED_PACKET_HEADER_RECEIVED,9,QUIC_SESSION,"{""params"": {""connection_id"": ""0"", ""header_format"": ""GOOGLE_QUIC_PACKET"", ""packet_number"": 61, ""reset_flag"": 0, ""version_flag"": 0}, ""phase"": 0}"
322850409,11943,QUIC_SESSION_STREAM_FRAME_RECEIVED,9,QUIC_SESSION,"{""params"": {""fin"": false, ""length"": 1233, ""offset"": 9866, ""stream_id"": 7}, ""phase"": 0}"
322850411,11945,QUIC_SESSION_ACK_FRAME_SENT,9,QUIC_SESSION,"{""params"": {""delta_time_largest_observed_us"": 2189, ""largest_observed"": 61, ""missing_packets"": [], ""received_packet_times"": []}, ""phase"": 0}"
322850411,11945,QUIC_SESSION_PACKET_SENT,9,QUIC_SESSION,"{""params"": {""encryption_level"": ""ENCRYPTION_FORWARD_SECURE"", ""packet_number"": 37, ""sent_time_us"": 322850411642, ""size"": 28, ""transmission_type"": ""NOT_RETRANSMISSION""}, ""phase"": 0}"
322850412,11946,QUIC_SESSION_PACKET_RECEIVED,9,QUIC_SESSION,"{""params"": {""peer_address"": ""10.0.228.164:443"", ""self_address"": ""172.19.19.121:45998"", ""size"": 1252}, ""phase"": 0}"
322850412,11946,QUIC_SESSION_UNAUTHENTICATED_PACKET_HEADER_RECEIVED,9,QUIC_SESSION,"{""params"": {""connection_id"": ""0"", ""header_format"": ""GOOGLE_QUIC_PACKET"", ""packet_number"": 62, ""reset_flag"": 0, ""version_flag"": 0}, ""phase"": 0}"
322850413,11947,QUIC_SESSION_STREAM_FRAME_RECEIVED,9,QUIC_SESSION,"{""params"": {""fin"": false, ""length"": 1233, ""offset"": 11099, ""stream_id"": 7}, ""phase"": 0}"
322850415,11949,QUIC_SESSION_PACKET_RECEIVED,9,QUIC_SESSION,"{""params"": {""peer_address"": ""10.0.228.164:443"", ""self_address"": ""172.19.19.121:45998"", ""size"": 1252}, ""phase"": 0}"
322850416,11950,QUIC_SESSION_UNAUTHENTICATED_PACKET_HEADER_RECEIVED,9,QUIC_SESSION,"{""params"": {""connection_id"": ""0"", ""header_format"": ""GOOGLE_QUIC_PACKET"", ""packet_number"": 63, ""reset_flag"": 0, ""version_flag"": 0}, ""phase"": 0}"
322850416,11950,QUIC_SESSION_STREAM_FRAME_RECEIVED,9,QUIC_SESSION,"{""params"": {""fin"": false, ""length"": 1233, ""offset"": 12332, ""stream_id"": 7}, ""phase"": 0}"
322850416,11950,QUIC_SESSION_ACK_FRAME_SENT,9,QUIC_SESSION,"{""params"": {""delta_time_largest_observed_us"": 768, ""largest_observed"": 63, ""missing_packets"": [], ""received_packet_times"": []}, ""phase"": 0}"
322850417,11951,QUIC_SESSION_PACKET_SENT,9,QUIC_SESSION,"{""params"": {""encryption_level"": ""ENCRYPTION_FORWARD_SECURE"", ""packet_number"": 38, ""sent_time_us"": 322850416873, ""size"": 28, ""transmission_type"": ""NOT_RETRANSMISSION""}, ""phase"": 0}"
322850418,11952,QUIC_SESSION_PACKET_RECEIVED,9,QUIC_SESSION,"{""params"": {""peer_address"": ""10.0.228.164:443"", ""self_address"": ""172.19.19.121:45998"", ""size"": 1252}, ""phase"": 0}"
322850418,11952,QUIC_SESSION_UNAUTHENTICATED_PACKET_HEADER_RECEIVED,9,QUIC_SESSION,"{""params"": {""connection_id"": ""0"", ""header_format"": ""GOOGLE_QUIC_PACKET"", ""packet_number"": 64, ""reset_flag"": 0, ""version_flag"": 0}, ""phase"": 0}"
322850418,11952,QUIC_SESSION_STREAM_FRAME_RECEIVED,9,QUIC_SESSION,"{""params"": {""fin"": false, ""length"": 1233, ""offset"": 13565, ""stream_id"": 7}, ""phase"": 0}"
322850418,11952,QUIC_SESSION_PACKET_RECEIVED,9,QUIC_SESSION,"{""params"": {""peer_address"": ""10.0.228.164:443"", ""self_address"": ""172.19.19.121:45998"", ""size"": 1252}, ""phase"": 0}"
322850418,11952,QUIC_SESSION_UNAUTHENTICATED_PACKET_HEADER_RECEIVED,9,QUIC_SESSION,"{""params"": {""connection_id"": ""0"", ""header_format"": ""GOOGLE_QUIC_PACKET"", ""packet_number"": 65, ""reset_flag"": 0, ""version_flag"": 0}, ""phase"": 0}"
322850418,11952,QUIC_SESSION_STREAM_FRAME_RECEIVED,9,QUIC_SESSION,"{""params"": {""fin"": false, ""length"": 1233, ""offset"": 14798, ""stream_id"": 7}, ""phase"": 0}"
322850418,11952,QUIC_SESSION_ACK_FRAME_SENT,9,QUIC_SESSION,"{""params"": {""delta_time_largest_observed_us"": 294, ""largest_observed"": 65, ""missing_packets"": [], ""received_packet_times"": []}, ""phase"": 0}"
322850419,11953,QUIC_SESSION_PACKET_SENT,9,QUIC_SESSION,"{""params"": {""encryption_level"": ""ENCRYPTION_FORWARD_SECURE"", ""packet_number"": 39, ""sent_time_us"": 322850418946, ""size"": 28, ""transmission_type"": ""NOT_RETRANSMISSION""}, ""phase"": 0}"
322850419,11953,QUIC_SESSION_PACKET_RECEIVED,9,QUIC_SESSION,"{""params"": {""peer_address"": ""10.0.228.164:443"", ""self_address"": ""172.19.19.121:45998"", ""size"": 1252}, ""phase"": 0}"
322850419,11953,QUIC_SESSION_UNAUTHENTICATED_PACKET_HEADER_RECEIVED,9,QUIC_SESSION,"{""params"": {""connection_id"": ""0"", ""header_format"": ""GOOGLE_QUIC_PACKET"", ""packet_number"": 66, ""reset_flag"": 0, ""version_flag"": 0}, ""phase"": 0}"
322850419,11953,QUIC_SESSION_STREAM_FRAME_RECEIVED,9,QUIC_SESSION,"{""params"": {""fin"": false, ""length"": 1233, ""offset"": 16031, ""stream_id"": 7}, ""phase"": 0}"
322850421,11955,QUIC_SESSION_PACKET_RECEIVED,9,QUIC_SESSION,"{""params"": {""peer_address"": ""10.0.228.164:443"", ""self_address"": ""172.19.19.121:45998"", ""size"": 1252}, ""phase"": 0}"
322850421,11955,QUIC_SESSION_UNAUTHENTICATED_PACKET_HEADER_RECEIVED,9,QUIC_SESSION,"{""params"": {""connection_id"": ""0"", ""header_format"": ""GOOGLE_QUIC_PACKET"", ""packet_number"": 67, ""reset_flag"": 0, ""version_flag"": 0}, ""phase"": 0}"
322850421,11955,QUIC_SESSION_STREAM_FRAME_RECEIVED,9,QUIC_SESSION,"{""params"": {""fin"": false, ""length"": 1233, ""offset"": 17264, ""stream_id"": 7}, ""phase"": 0}"
322850421,11955,QUIC_SESSION_ACK_FRAME_SENT,9,QUIC_SESSION,"{""params"": {""delta_time_largest_observed_us"": 851, ""largest_observed"": 67, ""missing_packets"": [], ""received_packet_times"": []}, ""phase"": 0}"
322850422,11956,QUIC_SESSION_PACKET_SENT,9,QUIC_SESSION,"{""params"": {""encryption_level"": ""ENCRYPTION_FORWARD_SECURE"", ""packet_number"": 40, ""sent_time_us"": 322850421969, ""size"": 28, ""transmission_type"": ""NOT_RETRANSMISSION""}, ""phase"": 0}"
322850422,11956,QUIC_SESSION_PACKET_RECEIVED,9,QUIC_SESSION,"{""params"": {""peer_address"": ""10.0.228.164:443"", ""self_address"": ""172.19.19.121:45998"", ""size"": 1252}, ""phase"": 0}"
322850422,11956,QUIC_SESSION_UNAUTHENTICATED_PACKET_HEADER_RECEIVED,9,QUIC_SESSION,"{""params"": {""connection_id"": ""0"", ""header_format"": ""GOOGLE_QUIC_PACKET"", ""packet_number"": 68, ""reset_flag"": 0, ""version_flag"": 0}, ""phase"": 0}"
322850423,11957,QUIC_SESSION_STREAM_FRAME_RECEIVED,9,QUIC_SESSION,"{""params"": {""fin"": false, ""length"": 1233, ""offset"": 18497, ""stream_id"": 7}, ""phase"": 0}"
322850425,11959,QUIC_SESSION_PACKET_RECEIVED,9,QUIC_SESSION,"{""params"": {""peer_address"": ""10.0.228.164:443"", ""self_address"": ""172.19.19.121:45998"", ""size"": 1252}, ""phase"": 0}"
322850425,11959,QUIC_SESSION_UNAUTHENTICATED_PACKET_HEADER_RECEIVED,9,QUIC_SESSION,"{""params"": {""connection_id"": ""0"", ""header_format"": ""GOOGLE_QUIC_PACKET"", ""packet_number"": 69, ""reset_flag"": 0, ""version_flag"": 0}, ""phase"": 0}"
322850425,11959,QUIC_SESSION_STREAM_FRAME_RECEIVED,9,QUIC_SESSION,"{""params"": {""fin"": false, ""length"": 1233, ""offset"": 19730, ""stream_id"": 7}, ""phase"": 0}"
322850426,11960,QUIC_SESSION_ACK_FRAME_SENT,9,QUIC_SESSION,"{""params"": {""delta_time_largest_observed_us"": 540, ""largest_observed"": 69, ""missing_packets"": [], ""received_packet_times"": []}, ""phase"": 0}"
322850426,11960,QUIC_SESSION_PACKET_SENT,9,QUIC_SESSION,"{""params"": {""encryption_level"": ""ENCRYPTION_FORWARD_SECURE"", ""packet_number"": 41, ""sent_time_us"": 322850426203, ""size"": 28, ""transmission_type"": ""NOT_RETRANSMISSION""}, ""phase"": 0}"
322850427,11961,QUIC_SESSION_PACKET_RECEIVED,9,QUIC_SESSION,"{""params"": {""peer_address"": ""10.0.228.164:443"", ""self_address"": ""172.19.19.121:45998"", ""size"": 1252}, ""phase"": 0}"
322850427,11961,QUIC_SESSION_UNAUTHENTICATED_PACKET_HEADER_RECEIVED,9,QUIC_SESSION,"{""params"": {""connection_id"": ""0"", ""header_format"": ""GOOGLE_QUIC_PACKET"", ""packet_number"": 70, ""reset_flag"": 0, ""version_flag"": 0}, ""phase"": 0}"
322850427,11961,QUIC_SESSION_STREAM_FRAME_RECEIVED,9,QUIC_SESSION,"{""params"": {""fin"": false, ""length"": 1233, ""offset"": 20963, ""stream_id"": 7}, ""phase"": 0}"
322850429,11963,QUIC_SESSION_PACKET_RECEIVED,9,QUIC_SESSION,"{""params"": {""peer_address"": ""10.0.228.164:443"", ""self_address"": ""172.19.19.121:45998"", ""size"": 1252}, ""phase"": 0}"
322850429,11963,QUIC_SESSION_UNAUTHENTICATED_PACKET_HEADER_RECEIVED,9,QUIC_SESSION,"{""params"": {""connection_id"": ""0"", ""header_format"": ""GOOGLE_QUIC_PACKET"", ""packet_number"": 71, ""reset_flag"": 0, ""version_flag"": 0}, ""phase"": 0}"
322850429,11963,QUIC_SESSION_STREAM_FRAME_RECEIVED,9,QUIC_SESSION,"{""params"": {""fin"": false, ""length"": 1233, ""offset"": 22196, ""stream_id"": 7}, ""phase"": 0}"
322850429,11963,QUIC_SESSION_ACK_FRAME_SENT,9,QUIC_SESSION,"{""params"": {""delta_time_largest_observed_us"": 280, ""largest_observed"": 71, ""missing_packets"": [], ""received_packet_times"": []}, ""phase"": 0}"
322850429,11963,QUIC_SESSION_PACKET_SENT,9,QUIC_SESSION,"{""params"": {""encryption_level"": ""ENCRYPTION_FORWARD_SECURE"", ""packet_number"": 42, ""sent_time_us"": 322850429619, ""size"": 28, ""transmission_type"": ""NOT_RETRANSMISSION""}, ""phase"": 0}"
322850431,11965,QUIC_SESSION_PACKET_RECEIVED,9,QUIC_SESSION,"{""params"": {""peer_address"": ""10.0.228.164:443"", ""self_address"": ""172.19.19.121:45998"", ""size"": 1252}, ""phase"": 0}"
322850432,11966,QUIC_SESSION_UNAUTHENTICATED_PACKET_HEADER_RECEIVED,9,QUIC_SESSION,"{""params"": {""connection_id"": ""0"", ""header_format"": ""GOOGLE_QUIC_PACKET"", ""packet_number"": 72, ""reset_flag"": 0, ""version_flag"": 0}, ""phase"": 0}"
322850433,11967,QUIC_SESSION_STREAM_FRAME_RECEIVED,9,QUIC_SESSION,"{""params"": {""fin"": false, ""length"": 1233, ""offset"": 23429, ""stream_id"": 7}, ""phase"": 0}"
322850434,11968,QUIC_SESSION_PACKET_RECEIVED,9,QUIC_SESSION,"{""params"": {""peer_address"": ""10.0.228.164:443"", ""self_address"": ""172.19.19.121:45998"", ""size"": 1252}, ""phase"": 0}"
322850434,11968,QUIC_SESSION_UNAUTHENTICATED_PACKET_HEADER_RECEIVED,9,QUIC_SESSION,"{""params"": {""connection_id"": ""0"", ""header_format"": ""GOOGLE_QUIC_PACKET"", ""packet_number"": 73, ""reset_flag"": 0, ""version_flag"": 0}, ""phase"": 0}"
322850434,11968,QUIC_SESSION_ACK_FRAME_RECEIVED,9,QUIC_SESSION,"{""params"": {""delta_time_largest_observed_us"": 25240, ""largest_observed"": 32, ""missing_packets"": [], ""received_packet_times"": []}, ""phase"": 0}"
322850434,11968,QUIC_SESSION_STREAM_FRAME_RECEIVED,9,QUIC_SESSION,"{""params"": {""fin"": false, ""length"": 1224, ""offset"": 24662, ""stream_id"": 7}, ""phase"": 0}"
322850434,11968,QUIC_SESSION_ACK_FRAME_SENT,9,QUIC_SESSION,"{""params"": {""delta_time_largest_observed_us"": 428, ""largest_observed"": 73, ""missing_packets"": [], ""received_packet_times"": []}, ""phase"": 0}"
322850435,11969,QUIC_SESSION_PACKET_SENT,9,QUIC_SESSION,"{""params"": {""encryption_level"": ""ENCRYPTION_FORWARD_SECURE"", ""packet_number"": 43, ""sent_time_us"": 322850434919, ""size"": 28, ""transmission_type"": ""NOT_RETRANSMISSION""}, ""phase"": 0}"
322850435,11969,QUIC_SESSION_PACKET_RECEIVED,9,QUIC_SESSION,"{""params"": {""peer_address"": ""10.0.228.164:443"", ""self_address"": ""172.19.19.121:45998"", ""size"": 1252}, ""phase"": 0}"
322850435,11969,QUIC_SESSION_UNAUTHENTICATED_PACKET_HEADER_RECEIVED,9,QUIC_SESSION,"{""params"": {""connection_id"": ""0"", ""header_format"": ""GOOGLE_QUIC_PACKET"", ""packet_number"": 74, ""reset_flag"": 0, ""version_flag"": 0}, ""phase"": 0}"
322850435,11969,QUIC_SESSION_STREAM_FRAME_RECEIVED,9,QUIC_SESSION,"{""params"": {""fin"": false, ""length"": 1233, ""offset"": 25886, ""stream_id"": 7}, ""phase"": 0}"
322850435,11969,QUIC_SESSION_PACKET_RECEIVED,9,QUIC_SESSION,"{""params"": {""peer_address"": ""10.0.228.164:443"", ""self_address"": ""172.19.19.121:45998"", ""size"": 1252}, ""phase"": 0}"
322850436,11970,QUIC_SESSION_UNAUTHENTICATED_PACKET_HEADER_RECEIVED,9,QUIC_SESSION,"{""params"": {""connection_id"": ""0"", ""header_format"": ""GOOGLE_QUIC_PACKET"", ""packet_number"": 75, ""reset_flag"": 0, ""version_flag"": 0}, ""phase"": 0}"
322850436,11970,QUIC_SESSION_STREAM_FRAME_RECEIVED,9,QUIC_SESSION,"{""params"": {""fin"": false, ""length"": 1233, ""offset"": 27119, ""stream_id"": 7}, ""phase"": 0}"
322850436,11970,QUIC_SESSION_ACK_FRAME_SENT,9,QUIC_SESSION,"{""params"": {""delta_time_largest_observed_us"": 293, ""largest_observed"": 75, ""missing_packets"": [], ""received_packet_times"": []}, ""phase"": 0}"
322850436,11970,QUIC_SESSION_PACKET_SENT,9,QUIC_SESSION,"{""params"": {""encryption_level"": ""ENCRYPTION_FORWARD_SECURE"", ""packet_number"": 44, ""sent_time_us"": 322850436286, ""size"": 28, ""transmission_type"": ""NOT_RETRANSMISSION""}, ""phase"": 0}"
322850439,11973,QUIC_SESSION_PACKET_RECEIVED,9,QUIC_SESSION,"{""params"": {""peer_address"": ""10.0.228.164:443"", ""self_address"": ""172.19.19.121:45998"", ""size"": 1252}, ""phase"": 0}"
322850439,11973,QUIC_SESSION_UNAUTHENTICATED_PACKET_HEADER_RECEIVED,9,QUIC_SESSION,"{""params"": {""connection_id"": ""0"", ""header_format"": ""GOOGLE_QUIC_PACKET"", ""packet_number"": 76, ""reset_flag"": 0, ""version_flag"": 0}, ""phase"": 0}"
322850439,11973,QUIC_SESSION_STREAM_FRAME_RECEIVED,9,QUIC_SESSION,"{""params"": {""fin"": false, ""length"": 1233, ""offset"": 28352, ""stream_id"": 7}, ""phase"": 0}"
322850441,11975,QUIC_SESSION_PACKET_RECEIVED,9,QUIC_SESSION,"{""params"": {""peer_address"": ""10.0.228.164:443"", ""self_address"": ""172.19.19.121:45998"", ""size"": 1252}, ""phase"": 0}"
322850441,11975,QUIC_SESSION_UNAUTHENTICATED_PACKET_HEADER_RECEIVED,9,QUIC_SESSION,"{""params"": {""connection_id"": ""0"", ""header_format"": ""GOOGLE_QUIC_PACKET"", ""packet_number"": 77, ""reset_flag"": 0, ""version_flag"": 0}, ""phase"": 0}"
322850441,11975,QUIC_SESSION_STREAM_FRAME_RECEIVED,9,QUIC_SESSION,"{""params"": {""fin"": false, ""length"": 1233, ""offset"": 29585, ""stream_id"": 7}, ""phase"": 0}"
322850441,11975,QUIC_SESSION_ACK_FRAME_SENT,9,QUIC_SESSION,"{""params"": {""delta_time_largest_observed_us"": 288, ""largest_observed"": 77, ""missing_packets"": [], ""received_packet_times"": []}, ""phase"": 0}"
322850442,11976,QUIC_SESSION_PACKET_SENT,9,QUIC_SESSION,"{""params"": {""encryption_level"": ""ENCRYPTION_FORWARD_SECURE"", ""packet_number"": 45, ""sent_time_us"": 322850441849, ""size"": 28, ""transmission_type"": ""NOT_RETRANSMISSION""}, ""phase"": 0}"
322850442,11976,QUIC_SESSION_PACKET_RECEIVED,9,QUIC_SESSION,"{""params"": {""peer_address"": ""10.0.228.164:443"", ""self_address"": ""172.19.19.121:45998"", ""size"": 1252}, ""phase"": 0}"
322850442,11976,QUIC_SESSION_UNAUTHENTICATED_PACKET_HEADER_RECEIVED,9,QUIC_SESSION,"{""params"": {""connection_id"": ""0"", ""header_format"": ""GOOGLE_QUIC_PACKET"", ""packet_number"": 78, ""reset_flag"": 0, ""version_flag"": 0}, ""phase"": 0}"
322850442,11976,QUIC_SESSION_STREAM_FRAME_RECEIVED,9,QUIC_SESSION,"{""params"": {""fin"": false, ""length"": 1233, ""offset"": 30818, ""stream_id"": 7}, ""phase"": 0}"
322850446,11980,QUIC_SESSION_PACKET_RECEIVED,9,QUIC_SESSION,"{""params"": {""peer_address"": ""10.0.228.164:443"", ""self_address"": ""172.19.19.121:45998"", ""size"": 736}, ""phase"": 0}"
322850446,11980,QUIC_SESSION_UNAUTHENTICATED_PACKET_HEADER_RECEIVED,9,QUIC_SESSION,"{""params"": {""connection_id"": ""0"", ""header_format"": ""GOOGLE_QUIC_PACKET"", ""packet_number"": 79, ""reset_flag"": 0, ""version_flag"": 0}, ""phase"": 0}"
322850446,11980,QUIC_SESSION_STREAM_FRAME_RECEIVED,9,QUIC_SESSION,"{""params"": {""fin"": false, ""length"": 717, ""offset"": 32051, ""stream_id"": 7}, ""phase"": 0}"
322850446,11980,QUIC_SESSION_ACK_FRAME_SENT,9,QUIC_SESSION,"{""params"": {""delta_time_largest_observed_us"": 380, ""largest_observed"": 79, ""missing_packets"": [], ""received_packet_times"": []}, ""phase"": 0}"
322850447,11981,QUIC_SESSION_PACKET_SENT,9,QUIC_SESSION,"{""params"": {""encryption_level"": ""ENCRYPTION_FORWARD_SECURE"", ""packet_number"": 46, ""sent_time_us"": 322850446857, ""size"": 28, ""transmission_type"": ""NOT_RETRANSMISSION""}, ""phase"": 0}"
322850447,11981,QUIC_SESSION_PACKET_RECEIVED,9,QUIC_SESSION,"{""params"": {""peer_address"": ""10.0.228.164:443"", ""self_address"": ""172.19.19.121:45998"", ""size"": 1252}, ""phase"": 0}"
322850447,11981,QUIC_SESSION_UNAUTHENTICATED_PACKET_HEADER_RECEIVED,9,QUIC_SESSION,"{""params"": {""connection_id"": ""0"", ""header_format"": ""GOOGLE_QUIC_PACKET"", ""packet_number"": 80, ""reset_flag"": 0, ""version_flag"": 0}, ""phase"": 0}"
322850447,11981,QUIC_SESSION_STREAM_FRAME_RECEIVED,9,QUIC_SESSION,"{""params"": {""fin"": false, ""length"": 1233, ""offset"": 32768, ""stream_id"": 7}, ""phase"": 0}"
322850448,11982,QUIC_SESSION_PACKET_RECEIVED,9,QUIC_SESSION,"{""params"": {""peer_address"": ""10.0.228.164:443"", ""self_address"": ""172.19.19.121:45998"", ""size"": 1252}, ""phase"": 0}"
322850449,11983,QUIC_SESSION_UNAUTHENTICATED_PACKET_HEADER_RECEIVED,9,QUIC_SESSION,"{""params"": {""connection_id"": ""0"", ""header_format"": ""GOOGLE_QUIC_PACKET"", ""packet_number"": 81, ""reset_flag"": 0, ""version_flag"": 0}, ""phase"": 0}"
322850449,11983,QUIC_SESSION_STREAM_FRAME_RECEIVED,9,QUIC_SESSION,"{""params"": {""fin"": false, ""length"": 1233, ""offset"": 34001, ""stream_id"": 7}, ""phase"": 0}"
322850449,11983,QUIC_SESSION_ACK_FRAME_SENT,9,QUIC_SESSION,"{""params"": {""delta_time_largest_observed_us"": 272, ""largest_observed"": 81, ""missing_packets"": [], ""received_packet_times"": []}, ""phase"": 0}"
322850449,11983,QUIC_SESSION_PACKET_SENT,9,QUIC_SESSION,"{""params"": {""encryption_level"": ""ENCRYPTION_FORWARD_SECURE"", ""packet_number"": 47, ""sent_time_us"": 322850449280, ""size"": 28, ""transmission_type"": ""NOT_RETRANSMISSION""}, ""phase"": 0}"
322850451,11985,QUIC_SESSION_PACKET_RECEIVED,9,QUIC_SESSION,"{""params"": {""peer_address"": ""10.0.228.164:443"", ""self_address"": ""172.19.19.121:45998"", ""size"": 1252}, ""phase"": 0}"
322850451,11985,QUIC_SESSION_UNAUTHENTICATED_PACKET_HEADER_RECEIVED,9,QUIC_SESSION,"{""params"": {""connection_id"": ""0"", ""header_format"": ""GOOGLE_QUIC_PACKET"", ""packet_number"": 82, ""reset_flag"": 0, ""version_flag"": 0}, ""phase"": 0}"
322850451,11985,QUIC_SESSION_STREAM_FRAME_RECEIVED,9,QUIC_SESSION,"{""params"": {""fin"": false, ""length"": 1233, ""offset"": 35234, ""stream_id"": 7}, ""phase"": 0}"
322850452,11986,QUIC_SESSION_PACKET_RECEIVED,9,QUIC_SESSION,"{""params"": {""peer_address"": ""10.0.228.164:443"", ""self_address"": ""172.19.19.121:45998"", ""size"": 1252}, ""phase"": 0}"
322850452,11986,QUIC_SESSION_UNAUTHENTICATED_PACKET_HEADER_RECEIVED,9,QUIC_SESSION,"{""params"": {""connection_id"": ""0"", ""header_format"": ""GOOGLE_QUIC_PACKET"", ""packet_number"": 83, ""reset_flag"": 0, ""version_flag"": 0}, ""phase"": 0}"
322850452,11986,QUIC_SESSION_STREAM_FRAME_RECEIVED,9,QUIC_SESSION,"{""params"": {""fin"": false, ""length"": 1233, ""offset"": 36467, ""stream_id"": 7}, ""phase"": 0}"
322850453,11987,QUIC_SESSION_ACK_FRAME_SENT,9,QUIC_SESSION,"{""params"": {""delta_time_largest_observed_us"": 469, ""largest_observed"": 83, ""missing_packets"": [], ""received_packet_times"": []}, ""phase"": 0}"
322850453,11987,QUIC_SESSION_PACKET_SENT,9,QUIC_SESSION,"{""params"": {""encryption_level"": ""ENCRYPTION_FORWARD_SECURE"", ""packet_number"": 48, ""sent_time_us"": 322850453210, ""size"": 28, ""transmission_type"": ""NOT_RETRANSMISSION""}, ""phase"": 0}"
322850453,11987,QUIC_SESSION_PACKET_RECEIVED,9,QUIC_SESSION,"{""params"": {""peer_address"": ""10.0.228.164:443"", ""self_address"": ""172.19.19.121:45998"", ""size"": 945}, ""phase"": 0}"
322850453,11987,QUIC_SESSION_UNAUTHENTICATED_PACKET_HEADER_RECEIVED,9,QUIC_SESSION,"{""params"": {""connection_id"": ""0"", ""header_format"": ""GOOGLE_QUIC_PACKET"", ""packet_number"": 84, ""reset_flag"": 0, ""version_flag"": 0}, ""phase"": 0}"
322850453,11987,QUIC_SESSION_STREAM_FRAME_RECEIVED,9,QUIC_SESSION,"{""params"": {""fin"": false, ""length"": 926, ""offset"": 37700, ""stream_id"": 7}, ""phase"": 0}"
322850454,11988,QUIC_SESSION_PACKET_RECEIVED,9,QUIC_SESSION,"{""params"": {""peer_address"": ""10.0.228.164:443"", ""self_address"": ""172.19.19.121:45998"", ""size"": 19}, ""phase"": 0}"
322850454,11988,QUIC_SESSION_UNAUTHENTICATED_PACKET_HEADER_RECEIVED,9,QUIC_SESSION,"{""params"": {""connection_id"": ""0"", ""header_format"": ""GOOGLE_QUIC_PACKET"", ""packet_number"": 85, ""reset_flag"": 0, ""version_flag"": 0}, ""phase"": 0}"
322850454,11988,QUIC_SESSION_STREAM_FRAME_RECEIVED,9,QUIC_SESSION,"{""params"": {""fin"": true, ""length"": 0, ""offset"": 38626, ""stream_id"": 7}, ""phase"": 0}"
322850454,11988,QUIC_SESSION_ACK_FRAME_SENT,9,QUIC_SESSION,"{""params"": {""delta_time_largest_observed_us"": 293, ""largest_observed"": 85, ""missing_packets"": [], ""received_packet_times"": []}, ""phase"": 0}"
322850455,11989,QUIC_SESSION_PACKET_SENT,9,QUIC_SESSION,"{""params"": {""encryption_level"": ""ENCRYPTION_FORWARD_SECURE"", ""packet_number"": 49, ""sent_time_us"": 322850454954, ""size"": 28, ""transmission_type"": ""NOT_RETRANSMISSION""}, ""phase"": 0}"
